id,name,introduction,country
4305,클래식 블렌드 1996,자칫 산미의 표현이 부담스러울 수 있는 약볶음 원두의 특징을 고려하여 서로 간의 조화를 생각한 이 블렌딩은 에스프레소뿐만 아니라 드립용으로 사용하셔도 맛있는 한 잔을 만들어냅니다.,"['에티오피아', '브라질', '콜롬비아', '과테말라']"
3503,D1,"낮은 산미와 묵직한 바디감, 좋은 밸런스를 갖춘 블렌드입니다.
매일 마셔도 부담없는 편안한 커피입니다.","['브라질', '과테말라', '콜롬비아', '케냐']"
1474,다크초콜릿 블렌드,다크로스팅 특유의 진한 느낌과 쌉싸름함이 느껴지지만 쓰지않고 깨끗한 단맛이 특징입니다.,"['브라질', '콜롬비아', '인도']"
3198,다크그린 블렌딩 커피,"- 풍부한 밸런스에 진한 농도를 더한 커피
- 산미는 줄이고 구수한 후미를 강조한 커피","['브라질', '콜롬비아', '과테말라', '에티오피아']"
3028,브라운렄블렌드,"초콜릿의 향미와 캐러멜 같은 질감의 밸런스가 좋은 커피입니다.
누구나 부담 없이 드실 수 있는 칠복상회로스터스 대표 블렌드 입니다.","['콜롬비아', '브라질', '인도']"
3089,모노그램(Mono Gram),총 4 국가의 생두를 블랜딩하여 하나로 어우러지는 맛을 표현했습니다. 견과류의 고소함이 특징인 브라질 커피를 베이스로 밀크초콜릿을 연상하게 하는 부드러운 맛이 매력적입니다. 데일리 커피로 추천합니다.,"['과테말라', '에티오피아', '브라질', ' 케']"
3,콜린,"잘 익은 체리의 농후한 단맛과 고소한 아몬드 캐러멜이 입안 가득 남는 끝 맛을 느낄 수 있어요.

블렌딩에 최적화된 좋은 생두를 선별하고, 일관성 있고 논리적인 로스팅을 추구합니다. 결점두를 직접 선별하여 패키징 하는 등 최상의 품질을 위해 노력합니다.","['인도', '콜롬비아', '코스타리카']"
3456,Enak 블렌딩,"달달 고소한 죠리퐁 향과 첫입에 느껴지는 감칠맛 도는 약한 산미,
묵직한 바디감과 쌉쌀한 다크초콜렛의 여운","['브라질', '과테말라', '콜롬비아']"
3840,케냐 뚱구리 AA 워시드,"뚱구리 농장에서 수확한 커피체리는 당일에 깨끗한 물로 습식과정을 통해 1차 가공되고 발효작업 세척 후 태양열 건조가 진행됩니다.
이후 드라이밀에서 2차 프로세싱을 거치게 되며, 이를 통해 케냐가 가진 클린한 맛이 보다 배가 됩니다.",['키린야가']
1013,룰라바이,"감귤의 시트러스한 단맛을 바탕으로 시나몬과 고구마, 후미에는 꿀의 깊은 맛이 입 안에 남습니다.","['멕시코', '콜롬비아']"
1101,44도 블렌드,먹었을 때 느껴지는 초콜릿티한 맛과 어우러지는 호두같은 고소함이 매력적입니다. 또한 커피를 먹고 남는 여운은 스모키한 향과 맛이 기억에 남아 맛있게 먹을수 있는 커피입니다.,"['브라질', '콜롬비아', '과테말라', '에티오피아']"
3447,하이로 디카프리오,"건포도 · 건자두의 새콤함, 뒤이은 아몬드와 밤꿀의 단맛과 초콜릿의 질감이 좋은 마이크로랏 디카페인 커피입니다.",['아르메니아']
3196,디카페인 싱글 오리진 커피,"- 묵직하고 고소한 과테말라 100%
- 카페인이 제거된 디카페인 커피입니다.",['s']
4604,인도네시아 만델링 G1,"인도네시아 만델링은 ""다크"" 로스팅으로
브라운슈가 / 카라멜 / 다크초콜렛 / 너트
등의 맛 구현하였습니다.
만델링은 다크초콜렛 커피맛으로 브루잉(핸드드립)에도 잘 어울립니다.",['아체']
4446,MAUNA LOA(마우나 로아),"마우나 로아는 깊은 단맛과 풍부한 바디감을 극대화한 블렌드입니다.

강렬한 견과류와 초콜릿, 캐러멜, 플로럴 노트로
핫/아이스 아메리카노에서는 물론 라떼와 같은 우유 베이스 음료에서도
크림을 위한 멋진 캔버스가 되어줍니다.","['에티오피아', '브라질']"
1063,하드워커,"열심히 하루를 살아가는 우리에게
달콤 쌉싸름한 커피 한잔은 큰 힘이 되죠
바쁜 일상 속 그 사이의 작은휴식
하루를 버틸 수 있는 원동력을 주는 한 잔이 될꺼에요!","['브라질', '과테말라', '콜롬비아']"
168,블렌드 A,"짙은 단맛과, 쌉싸름한 초콜릿 같은 느낌의 원두 입니다.
단맛과 고소함이 주를 이루며, 대중적인 원두 입니다.","['브라질', '에티오피아', '인도']"
3802,에티오피아 예가체프 첼바 쿠멜라초 G1,청포도와 딸기의 향이 균형감있고 달콤하고 실키한 바디감을 갖고 있습니다. 잘 익은 과일의 맛과 향미를 느낄 수 있습니다.,['오로미아']
1024,브라이트,"복숭아, 살구와 같은 핵과의 향미와 단맛이 잘 표현되며, 부담스럽지 않은 산미가 조화로운 스페셜티 블렌드입니다.
* 이일용 로스터의 한마디 *
커넥츠커피라는 브랜드를 만들고 첫 해에 호주 로스팅 대회에 출품하여 브론즈 메달을 안겨준 블렌딩입니다. 산미 있고 쥬시하지만 너무 신게 싫다면 저희 브라이트 블렌드 한번 드셔보세요. 브라이트 블렌드는 커넥츠커피의 자랑입니다.","['에티오피아', '코스타리카']"
1049,콜롬비아 싱글오리진 디카페인,"카라멜, 사과, 오렌지의 달콤함과 허브류의 여운이 좋은 디카페인 입니다.",['후일라']
23,2nd WAVE : Customizing,뉴웨이브의 대표 블렌드로써 감귤 초콜릿을 먹는 듯 균형잡힌 산미와 단맛으로 거부감 없이 입맛을 즐겁게 합니다.,"['브라질', '에티오피아', '인도']"
3722,일상 블렌드 L (라떼),"일상속에서 부담없이 즐길 수 있는 편안한 커피입니다.
초콜렛티하고 기분 좋은 비터 스윗을 목표로 로스팅 되어집니다. 묵직하고 초콜렛티한 커피와 우유가 잘 어우러져 진하고 달달한 라떼를 즐길 수 있습니다. 아메리카노에서도 초콜렛티한 뉘앙스가 잘 표현되어 여러 디저트들과 잘 어울리는 블렌드입니다.","['브라질', '인도']"
3737,콜롬비아 비야라조 민트,"향기로운 민트와 꽃향기, 레몬그라스의 산미, 홍차같은 바디감의 커피입니다.",['아메니아']
3603,과테말라 산타펠리사 블루제이드,"부드러운 바닐라빈의 향과 함께 깊고 진하게 숙성한듯한 오크향이 함께 입안 가득 퍼지며, 바나나의 산미와 달콤함이 같이 느껴지는 고혹스러운 커피입니다. 밸런스 자체도 워낙 뛰어나며 과테말라 커피이지만, 에티오피아 특유의 깔끔함과 향긋함을 느낄 수 있는 커피
산미가 있는 커피보다는,
단맛의 밸런스가 좋은 커피로, 너무 쓰지 않고 산미가 튀지도 않아 매장에서 핸들링이 쉬운 커피입니다. 호불호 없는 커피로서 어느 매장이든 쉽게 세팅하여 고객에게 만족을 드릴 수 있는 커피",['아카테낭고']
3706,인도 블랜드,"저렴한 가격으로 만족도가 높은 원두입니다.
저렴하고 구수한 맛이 일품인 커피를 찾으시면 이 커피를 추천드립니다.

고소함!
달달함!
라떼랑 딱!","['브라질', '인도']"
197,Seasonal Blend,"FELT가 제안하는 계절감입니다.
잘 익은 과일의 맛과 향에 카라멜 같은 단맛이 조화를 이룹니다. 실크 같은 감촉으로 입안에 닿는 에스프레소 블렌드입니다.","['콜롬비아', '과테말라', '에티오피아']"
3937,뷰블렌드,"- 양양 바다뷰제빵소에 방문한 100만명 이상의 카페 손님이 인정한 블렌딩 원두
- 고소하고 깊은 맛의 조화
- 다크하고 대중적인 아메리카노","['브라질', '인도']"
4487,콜롬비아 디카페인,메이플 시럽처럼 달콤한 한 잔,['콜롬비아']
3031,네이비렄다크 블렌드,"네이비렄 다크 버전으로
더 볶아진 견과류의 맛과 묵직함이 특징입니다.
더 진한 커피를 원하시는 분들께 추천 드립니다.","['콜롬비아', '브라질']"
1722,에티오피아 반코 고티티 G1 워시드,레몬 캔디처럼 새콤 달콤한 맛. 코 끝에 은은하게 남는 홍차의 뉘앙스가 좋아요.,['게데오']
4017,디카페인 블렌드 위켄드,"고소한 바디감과 카라멜 같은 단맛이 좋은 디카페인 블렌딩입니다.
디카페인이 맛이 없다는 편견은 버리셔도 좋습니다.
아메리카노는 물론이고 라떼 음료에도 잘 어울립니다.","['브라질', '과테말라', '콜롬비아']"
3562,밸런스,"향미와 산미, 바디감의 밸런스가 좋은 커피
호불호 없는 맛","['코스타리카', '과테말라', '브라질']"
3207,리치 라운드,코스타리카 특유의 풍부한 바디감과 섬세하게 조율된 밸런스를 느낄 수 있는 올라운더 원두,"['브라질', '과테말라', '코스타리카']"
3458,에티오피아 예가체프 아리차 g1 내추럴,"장미, 베리류의 향과 감귤류의 밝은 산미
부드러운 살구의 단맛, 복합적인 꽃향기의 여운",['아리차']
3206,디카페인 콜롬비아,"배전도 있는 디카페인 커피 입니다.
어느 시간에나 부담 없이 커피를 즐기세요.",['카우카']
3837,시그니처블렌드 D,"[Signature Espresso][중강배전+]

로컬커피로스터스의 시그니처블렌드이며,
산미가 없고 묵직한 바디감과 다크초콜릿의 단맛이 큰 특징입니다.

플레이버가 복합적이고 바디감이 무겁기 때문에
우유베리에이션 음료에서 정말 맛있습니다.","['브라질', '콜롬비아', '인도']"
69,Blend N.1,"스탠딩커피의 첫번째 시그니처 블렌드.
바닐라의 단맛을 기반으로 과일의 향과 맛이 매력적인 커피입니다.","['에티오피아', '에티오피아', '코스타리카']"
195,Classic Plus Blend,FELT가 말하는 클래식 이상의 클래식 입니다. 카카오닙스의 부드러운 쓴맛과 다크 초콜릿의 풍미가 어우러집니다. 묵직하게 입 안에 꽉 차는 강배전 에스프레소 블렌드입니다.,"['콜롬비아', '과테말라', '코스타리카']"
4057,아침 블랜드,묵직한 다크초콜릿의 단맛이 매력적인 커피입니다.,"['과테말라', '인도', '에티오피아']"
231,홀레스트,쌉싸름한 카카오와 다크초콜릿의 묵직한 바디감을 가진 블랜드,"['브라질', '콜롬비아', '인도']"
4800,크로마 블렌드,부드러운 캐슈넛의 고소함과 밀크초콜렛의 단맛 오렌지의 부드러운 산미가 매력적인 커피입니다.,"['콜롬비아', '브라질']"
1477,율 디캐프,"구수한 녹차, 홍차, 블랙 슈가의 늬앙스를 낮에도 밤에도 부담없이 즐길 수 있는 디카페인 커피입니다.","['콜롬비아', '과테말라']"
3738,콜롬비아 라 레오나 만다린,"오렌지필, 만다린의 향과 시럽같은 단맛, 차(Tea)같은 바디감의 커피입니다.",['아메니아']
3177,콜롬비아 라 카바나 게이샤 애너러빅 내추럴,"딸기, 포도의 복합적인 향미와 은은한 브라운 치즈의 단향이 좋습니다.",['s']
3047,오닉스 블렌드,"짙은 바디감과 고소함이 잘 느껴집니다.
흑설탕 같은 단 맛이 좋으며 마무리는 깔끔합니다.
따뜻한 커피는 식어서도 풍미가 좋으며,
차가운 커피는 희석되도 그 힘을 잘 유지합니다.","['브라질', '콜롬비아', '인도']"
4426,케냐 AA TOP 키안두 스페셜티 풀리워시드,"키안두 커피는 니에리 지역의 게냐산 해발 1,800m의 커피 재배에 최적의 조건을 갖춘 키안두 커피농장에서 현대적인 관리를 통해 지속적으로 TOP 그레이드의 커피를 생산하고 있습니다. 케냐 스페셜티 만의 복숭아류의 과일향을 머금어 과일향과 고소함이 잘 어울려 입 안에 기분 좋은 여운을 오랫동안 남겨줍니다.

컵노트: 복숭아, 살구, 자몽, 오렌지, 슈가케인","['카라티나', '니에리']"
3707,Avo 블랜드,"산뜻하고 차같은 느낌의 원두를 찾으시면 Avo 블랜드!
톡! 쏘는 산미의 원두가 아닌 Tea 같은 산미를 찾으신다면 Avo 블랜드!

- 홍차
- 감귤","['에티오피아', '에티오피아']"
3065,오차드 블렌딩,"밸런스 좋은 커피를 만들기 위해 블렌딩한 원두입니다. 적당한 바디감과 단 맛, 약간의 산미와 향이 조화를 이루는원두로 고소하면서 단맛의 블렌딩을 원하시는 분들께 추천드립니다.
(사용량에 따라 가격은 상이하니 연락 주시기 바랍니다.)","['콜롬비아', '과테말라', '인도', '브라질']"
203,비숲,"건자두, 사과와 같은 느낌이며 토피넛, 초콜릿의 단맛을 경험할 수 있습니다.","['인도', '에티오피아']"
3231,과테말라 우에우에테낭고 디카페인,견과류의 고소함과 밸런스,['s']
3936,바다블렌드,"- 양양 바다뷰제빵소에 방문한 100만명 이상의 카페 손님이 인정한 디카페인 원두
- 산뜻하고 부드러운 바디감의 단맛
- 빵과 함께 즐기기에 최고의 커피","['콜롬비아', '브라질', '인도']"
3935,모리 로부스타 쎄 허니,"몰트, 다크초콜릿, 다크 카라멜",['츄 프롱']
1332,몽상스,"달고 부드럽고 바디가 좋은 케냐 커피입니다.
특히 라떼는 정말 맛있습니다.",['키리냐가']
3462,Harum 블렌딩,과일의 상쾌함과 적당한 바디감으로 한잔의 레드와인을 마시는 듯한 풍미를 느낄 수있습니다.,"['에티오피아', '콜롬비아', '브라질']"
3354,블랙수트 블랜드,"밸런스가 좋은 스페셜티 원두 입니다.
아몬드와 초컬릿의 단맛뒤로 아주 살짝 느끼지는 기분좋은 산미!","['에티오피아', '과테말라', '브라질']"
4485,더 블랙,"'더 블랙' 이름에서 느껴지는 강렬한 에스프레소
이탈리아에서 느낄 수 있는 풍부한 크레마와
다크초콜릿, 카카오닙스 그리고 입안에서 풍부하게 느껴지는
바디감이 좋은 블렌딩입니다.
특히, Variation 음료에 강점이 있는 블렌딩입니다.","['케냐', '콜롬비아', '브라질', '베트남']"
274,프라이데이,"다크 블렌드 커피로, 단맛과 바디감에 초점을 둔 커피입니다.

라와 밀크베이스 커피에도 잘 어울리며, 베이커리, 디저트용 커피로써도 훌륭합니다.","['콜롬비아', '에티오피아', '브라질']"
174,ESPRESSO 3s,"한국커피는 원두의 재료가 되는 생두 구매를 위해 매해 산지로 떠납니다. ESPRESSO 3s는 매해 들여오는 생두 중 가장 맛있는 것들을 골라 선보이는 한국커피의 시즈널 블렌드 입니다.

ESPRESSO 3s는 과일잼의 단맛과 촉감, 홍차의 풍성한 향이 매력적입니다.","['에티오피아', '온두라스']"
2993,블렌드 너티 퍼플,"대중적인 입맛에 맞지만 더욱 풍부한 향과 부드러움을 내는 블렌드입니다.
보리차와 같은 고소한 맛을 내며 콜롬비아의 감칠맛과 브라질의 단맛을 적절히 블렌드하여 균형감이 좋습니다.
풍부하고 부드러운 크레마는 보기만해도 입맛이 돕니다.
산미는 거의 없으며, 아메리카노나 라떼 베리에이션 등 고소함을 강조하고 싶을 때 사용하기에 좋습니다.
호불호 갈리지 않는 누구나 좋아할 수 있는 커피입니다.","['브라질', '콜롬비아', '인도']"
1104,썸즈업 블렌드,"다크 초콜렛의 단맛과 견과류의 고소함, 신맛이 적은 것이 특징으로, 고소한 맛을 한번에 표현하는 블렌딩입니다.
썸즈업의 달콤하고 진한 맛은 어떤 베리에이션으로도 잘 어울립니다.","['과테말라', '브라질', '콜롬비아', '에티오피아']"
54,어느푸른저녁,베리류의 산미와 다크 초콜릿과 흑설탕의 단맛을 느낄 수 있습니다. 다양한 향미를 가졌으며 깨끗한 목 넘김과 긴 여운을 느낄 수 있어요.,"['에티오피아', '콜롬비아', '에티오피아', '콜롬비아']"
3841,과테말라 엘 소코로 산 로렌조 스페셜티,과테말라를 대표하는 엘 소코로 농장주가 소유한 또 다른 농장인 산 로렌조는 최고의 농업 기술과 노하우로 좋은 품질의 커피를 생산합니다. 특히 이 커피는 엿기름과 같은 구수한 바디감을 가진 밸런스가 뛰어난 커피입니다.,"['산 로렌조', '바하']"
3515,Santo Negro 산토네그로,"볶은 견과류의 고소함이 가득.
달콤한 디저트와 찰떡이랍니다.","['브라질', '콜롬비아', '인도']"
4523,에티오피아 예가체프 게뎁 단체 첼베사 워시드 G1,"특유의 꽃향기와 사탕과 같은 달콤함이 섬세합니다.
기교 없는 본연의 순수하고 깨끗한 에티오피아 워시드 커피입니다.",['예가체프']
44,콜롬비아 디카페인,"언더프레셔가 로스팅한 고품질의 콜롬비아 디카페인 원두입니다.
'마운틴 워터 프로세스'를 거쳐 카페인을 제거했음에도 생두 본연의 폭발적인 풍미를 유지하고 있습니다.
미디엄 로스팅 과정을 통해 발현되는 산뜻하고 달콤한 톤의 긴 여운이 특징입니다.",['후일라']
3084,송버드(Song Bird),조화로운 커피 한 모금을 귀로 듣는다면 청아한 새소리가 아닐까요? 순수한 재료에서 나오는 단맛과 산미의 조화에 집중 했습니다. 그린마일커피 스페셜티 블렌드 ‘송버드’,"['과테말라', '에티오피아']"
225,브라질 캄포 알레그레,웨이브온 그린빈 파이오니어팀에서 직접 수입한 브라질 스페셜티 커피인 캄포 알레그레는 다년간 수상 경력의 농장주 Henrique씨가 네추럴 가공한 커피로 다채로운 맛에 깔끔한 클린컵까지 가진 스페셜티 등급의 커피로 여러분을 새로운 커피의 세계로 인도할 커피입니다.,['미나스']
4801,아헨 Aachen,우유와 잘 어울리는 진한 다크쵸콜릿의 단맛과 바디감이 풍부한 크레센도 매장에서 콜드브루로 판매하는 커피입니다. 커피에서 느껴지는 신맛에 예민하시다면 아헨을 추천해드립니다.,"['과테말라', '콜롬비아']"
4482,라이프 블렌드,"견과류의 구수함과 카카오가 느껴지는 다크로스팅 블렌드
산미가 없는 원두를 선호하는 고객층의 니즈와
가성비를 만족하는 블렌드","['브라질', '인도']"
4321,써니비치,"향긋하고 풍미있는 달콤함과 산뜻한 산미가 특징입니다.
감귤, 오렌지의 과일 풍미가 은은하게 느껴지면서 캐러멜의 달콤함이 입안 가득 퍼집니다.
더운 여름날 티(Tea)처럼 편하게 마시기 좋은, 입가에 절로 미소가 지어지는 커피입니다.
샘플 주문 시 아메리카노 캔 같이 보내드립니다.","['에티오피아', '에티오피아', '콜롬비아', '온두라스']"
1316,블렌드 슈퍼 노멀,묵직하되 그 묵직함이 과하지 않고 선명한 단맛을 지녔습니다. 다크한 초콜릿 맛과 미미한 산미가 좋은 밸런스를 느끼게 합니다. 데일리 커피로서 역할을 잘 해내리라 자부합니다.,"['콜롬비아', '인도', '브라질']"
1022,스윗 앤 모어,"밸런스가 좋고, 자극적이지 않은 클린한 커피라 누구나 무난하게 즐기기 좋은 커피입니다.","['에티오피아', '과테말라', '브라질', '콜롬비아']"
3140,그레이 블렌드,견과류의 고소함과 초콜릿의 단맛,"['과테말라', '브라질', '콜롬비아']"
3014,맛좋은커피블렌드,"흑설탕 ,강도높은 바디감을 선사하기 위해 다크로스팅방식을 선택했습니다.하지만 후미가 깔끔해서 진한 느낌의 커피를 느끼고 싶다면 추천합니다.","['브라질', '에티오피아', '콜롬비아']"
4691,브라질 세하도 NY2,"고소하고 견과류향미, 에스프레소도 추출해도 무난한 커피입니다.
1차팝이후 2차팝 직전 배출로 브루잉과 머신에 사용하기 좋습니다.

#견과류, #고소함, #흑설탕",['브라질']
3838,시그니처블렌드 A,"[Signature Espresso][중강배전++]

누구나 맛있게 먹을 수 있는 커피를 고민하다 만든 블렌딩 입니다.
고소함과 구수함이 주는 플레이버는 우리가 흔히 알고있는 그 맛입니다.

그렇지만 향이 너무 깊고 묵직한 바디감이
이 커피를 특별하게 만들어줍니다.","['Colombia', 'Brazil', 'India']"
53,센스 앤 센서빌리티,"커피 맛에도 이성과 감성이 있다면 어떤 맛일까?
이성과 감성의 조화를 추구하며 사는 것이 인간의 삶이라면, 커피 맛에서 이성과 감성의 조화와 매칭되는 맛이란? 이런 물음에서 출발했습니다.
“이성과 감성의 조화 = 산미와 단맛의 조화”
이 단순하면서도 어려운 답을 찾기 위한 여정을 시작했습니다. Bright & Sweet을 기본 컨셉으로 계속 발전시켜나갈 Coffee Montage의 1st Seasonal Blend를 기대해주세요.
에스프레소 머신으로 추출해도 맛있고, 브루잉을 해도 맛있는 커피를 지향합니다!","['에티오피아', '케냐']"
3928,올드타운로드 하우스블랜드,"컨트리사이드의 대표 블랜드 올드타운로드 입니다.
구운 아몬드의 고소함과 다크초콜릿의 짙은 단맛, 그리고 카카오닙스의 감칠맛이 좋은 마무리를 보여주는 커피입니다.","['인도', '브라질']"
104,딥씨 블렌드,낮은 톤의 은은한 산미와 초콜릿의 깊은 여운을 가진 딥씨는 브루잉부터 에스프레소까지 어떤 종류의 추출에도 잘 어울리는 커피로 균형잡힌 맛과 향을 가지고 있습니다.,"['콜롬비아', '에티오피아', '과테말라']"
3145,케냐 뚱구리 AA TOP 워시드,블랙커런트와 자몽 같은 과일 톤 뒤에 느껴지는 브라운슈가의 단맛과 여운이 길고 좋은 케냐 커피입니다.,['키린야가']
4643,과테말라 SHB 마운틴워터 디카페인,"호박엿, 황설탕, 초콜릿 향미의 디카페인 원두",['s']
3895,에티오피아 디카페인,"은은한 과일향 뒤에 숨어있는 산미
상큼한 단맛과 가벼운 바디감의 조화

중약배전으로 로스팅하여 내추럴 커피 특유의 향과 맛을 살리고 쓴맛을 없앴습니다. 향미 손실이 적은 마운틴워터 프로세스 가공으로 질 좋은 내추럴 G1등급의 특성이 그대로 살아있는 원두입니다.",['구지']
1725,블렌드 루트 블랙,"리프커피의 시그니처 블렌드로 중후한 단맛과 쌉쌀함을 느낄 수 있는 블렌드입니다.
카카오 함량이 높은 고메 초콜릿을 마시는 듯한 풍부한 맛입니다.
입 안에 묵직하게 느껴지는 질감과 견과류의 단맛, 부드러운 목넘김이 매력적입니다. 단맛과 쌉쌀함의 밸런스가 좋아 처음부터 끝까지 편안하게 마실 수 있습니다.
아주 살짝 느껴지는 산미는 맴돌았던 향미를 정돈하며 다음 한 모금을 기대하게 합니다.
1kg의 로스터, 8평의 작은 카페가 2012년부터 한 자리에서 10년동안 우직하게 자리를 지키며 성장 할 수 있게 해주며, 많은 메뉴들의 베이스가 되어주는 루트 블랙은 리프커피에게 든든한 뿌리입니다.","['브라질', '과테말라', '코스타리카', '인도']"
3199,바이올렛 블렌딩 커피,"- 편안한 균형감과 적당한 농도, 살짝 터치하는 산미
- 부드러운 옥수수차가 연상되는 커피","['브라질', '콜롬비아']"
4698,모카 블렌딩,"약간의 쌉쌀함으로 깔끔한 카페모카를 먹는듯한 초콜릿 향미

#초콜릿, #약간쌉쌀, #고소함, #달콤","['브라질', '콜롬비아', '과테말라']"
4820,시즈널 블렌드 '가을',‘시즈널 블렌드 가을’은 고소한 견과류의 향미를 중심으로 밀크 초콜렛과 브라운 슈거의 단맛이 깨끗한 질감과 함께 느껴지는 매력적인 커피입니다.,"['브라질', '콜롬비아']"
1340,카라멜 슬럽 블렌드,밀크초콜렛을 머금고 있는 듯한 부드러운 질감에 은은하게 오는 산미 주변 상권보다 특별한 맛을 찾는 사장님에게도 추천드립니다.,"['콜롬비아', '브라질']"
4188,봄 블랜드,"딸기 요거트를 먹는 듯한 상큼한 블랜드입니다.
라즈베리, 딸기, 요거트, 조청의 단맛이 매력적인 봄날의 햇살같은 블랜드입니다.","['에티오피아', '에티오피아', '콜롬비아']"
3461,BAGUS 블렌딩,"곡물류의 고소함, 카라멜의 단맛과 느껴지는 다크 초콜렛의 긴 여운","['브라질', '콜롬비아', '베트남']"
3721,일상 블렌드 A (아메리카노),"일상속에서 부담없이 즐길 수 있는 편안한 커피입니다.
부드러운 산미, 고소함, 좋은 밸런스를 목표로 로스팅 되어지고
따뜻한 아메리카노에서는 긍정적인 부드러운 산미가 느껴지고,
라떼에서는 산미가 잘 느껴지지 않는 대신 고소함이 잘 느껴지는 블렌드 입니다.","['니카라과', '인도']"
217,77도 블렌드,"77도 블랜드를 마셨을 때 입안에 감기는 바디감이 훌륭하며 분쇄 하였을 때 고소한 견과류나 기름진 베이컨의 향미가 일품입니다. 커피를 마시고 느끼는 애프터는 고소함으로 입안을 가득 채우며, 끝에 쓴맛보다 고소함이 남아 기분이 좋아지는 커피입니다.","['과테말라', '브라질', '인도']"
1017,과테말라 디카페인 마운틴워터 프로세스,헤이즐넛 같은 고소함과 초콜릿의 단맛이 느껴져요.,['과테말라']
134,상큼한초밥 블렌딩,"상큼한 초밥은 상큼함과 고소함이 공존하는 초밥을 모티브로 제작되었습니다.
커피에서 가장 호불호 강한 신맛을 모든 사람이 좋아할만한 대중적인 맛으로 어떻게 변화시킬까?
라는 의문에 평소 즐겨먹던 초밥을 떠올렸습니다.
초밥은 고소한 흰쌀밥에 새초롬한 식초를 더해 감칠맛을 더해주는데, 즉 고소함에 상큼함을 더하면 굉장히 땡기는 신맛이 된다는 걸 깨닫고 커피에 그대로 적용하였습니다.
에티오피아의 감귤류 산미와 은은한 허브향은 브라질의 고소한 쌉싸름함과 만나 조화를 이루며 누구나 부담없이 마실 수 있는 대중적이고 개성있는 신맛의 커피가 되었습니다.
커피의 신맛은 잘 사용하면 감칠맛을 더해 커피를 더 맛있게 만드는 중요한 존재이기에 신맛에 대한 끊임없는 연구로 모두가 즐길 수 있는 완성된 신맛이 바로 상큼한 초밥 블렌딩입니다.","['브라질', '에티오피아']"
1200,푸짐한알밥 블렌딩,"푸짐한알밥은 한 그릇으로도 배부른 알밥을 모티브로 제작되었습니다.
로부스타라는 저렴한 커피가 가진 맛의 한계치는 아무리 로스팅을 잘하더라도 분명히 낮기 때문에
스페셜티 등급의 커피만큼 맛있다! 라고 말은 못하지만 굉장히 익숙하고 친근한 대중적인 맛으로
저렴한 커피에서 많이 보이는 로부스타의 결점 (혀에 남는 쓴맛, 흙, 비냄새, 건조한 나무, 고무 등)
은 없고 보리차, 옥수수 수염차, 견과류를 우린 물같은 구수함과 카카오의 쌉싸름함이 선명한 커피입니다.
쓰고 구수한 커피의 정석적인 맛이며 누구나 한번쯤은 마셔봄직한 기억을 자극하는 맛,
무엇보다 저렴하기에 푸짐하게 매일을 마셔도, 사람들과 나눠먹기도 참 좋은 갓성비 커피입니다.","['우간다', '베트남']"
3896,브라질 세라도 디카페인,"땅콩의 고소함과 코코아 파우더의 쌉싸름함
진득한 단맛과 클래식한 커피향

중강배전으로 로스팅하여 더욱 깊어진 커피의 맛과 향",['세라도']
1573,멕시코 디카페인,시럽처럼 달콤해서 부드럽게 부담없이 드시기 좋은 커피입니다.,['치이아피스']
1025,발렌타인 플러스,"커피의 단맛을 끌어올려주는 인도네시아와 고소한 볶은 견과류톤의 과테말라 그리고 감귤류 과일의 단맛을 가진 코스타리카 원두가 어우러져 근사한 맛과 풍미가 표현됩니다. 초반에는 무겁게 느껴지고 뒤로 갈수록 부드럽게 느껴지는 여운이 특징입니다.
* 이일용 로스터의 한마디 *
커넥츠커피 합정점, 망원점에서 사용하고 있는 원두입니다. 5년동안 시장에서 확실한 검증을 거쳤고 오래 사랑받은 블렌드라고 말씀드릴 수 있습니다. 어두운 타입의 원두를 선호하면서도 향이 풍성하길 원하시는 분들이라면 분명 좋아하실거예요!","['인도', '코스타리카', '과테말라']"
3585,윈터 블렌드,"이름에 걸맞게 추운 겨울 떠오르는 묵직한맛의 정석의 CUSP 블렌드 커피입니다.
와인을 숙성한듯 깊은 향이 느껴지는 오크의 숙성향과 , 군밤의 고소하고 묵직한 맛과 함께 중후한 시가의 향이 입안 가득퍼지며, 추운 겨울 벽난로가 생각나는 커피라고 표현하고 싶습니다.
묵직하고 다크한 맛의 커피를 추구하는 카페의 메인 블렌드로 세팅하길 추천드리는 커피입니다.","['인도', '브라질', '과테말라']"
3357,디카페인 원두,"호두, 호박엿과 같은 구수함
카페인 원두와 동일한 뉘앙스의 디카페인 원두!",['코스타리카']
4483,디카페인,"고소하고, 쌉쌀한 느낌으로
디카페인 같지 않은 디카페인 커피,
우유와도 잘 잘어울립니다.",['콜롬비아']
3058,디카페인 과테말라 SHB 싱글오리진,"마운틴 워터 프로세스 방식으로 카페인은 제거되고 생두가 지니고 있던 본래의 향미와 풍미는 온전히 남아있는 디카페인 커피입니다.
고구마, 브라운슈가, 밀크초코렛의 향미를 느낄 수 있습니다.",['과테말라']
227,모노톤,깊은 단맛을 품고있어 바닐라시럽이나 초코시럽과 만나면 보다 깊고 풍부한 단맛을 가진 라떼를 맛보실수 있어요.,"['과테말라', '브라질', '에티오피아', '인도', '에티오피아']"
3180,디카프 슬럽,"천연사탕수수공법을 이용해 카페인을 제거한 E.A. 카우카 디카프
고소하고 깔끔한 맛",['후일라']
3561,에스프레션,"묵직한 바디감, 밀크초콜릿의 단맛, 곡물의 고소함
밀크베리에이션에 잘 어울리는 블렌드","['콜롬비아', '인도', '브라질']"
3030,네이비렄 블렌드,"칠복상회로스터스의 프리미엄 블렌드로
견과류의 고소함, 단 맛, 밸런스가 좋은 원두입니다.
미디엄다크와 다크, 2가지 로스팅 포인트 중 한가지를 선택하실 수 있으며 데일리로 드시기에 부담이 없습니다.","['콜롬비아', '브라질']"
3009,덕분에블렌드,"은은한 다크초콜릿 같은 단맛이 에티오피아 커피의 다채로움과 함께 어울리는 커피입니다. 산뜻한 느낌은 오렌지 같은 밸런스있는 강하지 않은 느낌을 주며 아몬드,너트류의 마무리가 특징인 커피입니다.","['인도', '에티오피아', '에티오피아']"
1478,율 디캐프 다크,"구운밤, 잣, 밀크 초콜릿 같은 늬앙스가 매력적인 디카페인 커피입니다.","['콜롬비아', '과테말라']"
3221,Snokel (스노클),과일의 단맛과 블루베리 느낌이 좋은 부드러운 원두,"['에티오피아', '콜롬비아']"
1046,인디언 헤드,다크 초콜릿처럼 깊은 풍미와 단맛이 진하게 감싸는 한국형 클래식 에스프레소,"['콜롬비아', '브라질', '베트남']"
4874,스트레토 블렌드,"묵직하고 부드러운 바디감,
입안 가득 느껴지는 은은한 단맛.
복합적인 향미가 단맛과 어우러져
고소하고 밸런스가 좋은 스트레토 대표 블렌드","['브라질', '과테말라', '케냐', '에티오피아']"
1085,과테말라 SHB SW 디카프,"레몬그라스 같은 독특한 향에 고소한 너트 향, 달콤한 꿀 향이 섞여 풍성하게 다가옵니다.",['과테말라']
4449,ESPRESSO DECAF(디카페인),"카페인 섭취에 민감한 사람도 부담없이 즐길 수 있는 디카페인 커피입니다.
카페인은 줄이고 커피 본연의 맛과 향은 그대로 유지시킨 에스프레소 디카페인을 즐겨보세요.",['콜롬비아']
4600,디카페인 엘살바도르,"엘살바도르 디카페인의 경우 미디움다크 로스팅으로
초코렛,피넛,허브,메이플시럽 등의 맛을 구현하였습니다.
엘살바도르만의 특별한맛과 커피 본연의 고소함에 충실한 원두입니다.",['아타코']
3071,시그니처 블랜드 언타이틀드,"살구, 블루베리, 그리고 탠저린의 풍부한 향미가 어우러져 산뜻한 단맛과 함께 부드러운 향기를 느끼실 수 있습니다.",['예가체프']
3214,디카페인 콜롬비아,"강배전이지만 쓰지 않고 부드러운 바디와 밀크초코의 고소함을 느낄 수 있어요.
후미에 은은한 산미가 있어 발란스가 좋은 디카페인 커피입니다.",['후일라']
3148,콜롬비아 슈가케인 디카페인,"사탕수수 추출 성분을 매개로 디카페인 처리를 한 콜롬비아 엑셀소 디카페인 커피입니다.

디카페인 생두중 가장 맛있습니다",['후일라']
3900,로엄버 블렌딩,"실키한 바디감과 견과류의 단맛, 굿 밸런스와 부드러운 여운이 특징입니다.","['브라질', '콜롬비아']"
127,우일라 디카페인,"말린 무화과, 건자두에 헤이즐넛의 달달한 향미를 더해 밸런스가 좋은 커피입니다.",['퀸디오']
37,디 카페인 블렌드,"밀크초콜릿과 카라멜의 단맛에 구운 견과류의 고소함이 더해져서, 부드럽고 편안해요.","['콜롬비아', '과테말라']"
4702,과테말라 안티구아 SHB,"달달한 향미와 약간의 꽃향
1차팝이후 2차팝 직전 배출로 브루잉과 머신에 사용하기 좋습니다.

#다크초콜릿, #시리얼, #피넛",['s']
137,디카페인 올 데이 블렌드,"남녀노소 누구나 좋아할 수 밖에 없는, 가을의 향기가 느껴지는 고소하고 마일드한 국민커피입니다.","['과테말라', '브라질', '에티오피아']"
4686,디카페인 블렌딩,"피칸 파이를 먹는 듯한 고소함과 다크한 초콜릿의 여운,
그리고 카카오 닙스의 달콤 쌉싸름함이 매력적인 디카페인 커피입니다.","['에티오피아', '브라질']"
3333,(배전도: 에스프레소)디카페인 과테말라,"노트: 시트러스, 허니, 밀크초콜렛",['아티틀란']
4447,SANTA ISABEL(산타 이사벨),"볶은 아몬드와 다크초콜릿의 고소한 맛에 풍부한 바디와 깔끔하고 균형 잡힌 풍미와 긴 여운, 스페셜티의 개성을 담은 시트러스 풍의 부드러운 산미가 완벽한 균형을 보여줍니다.

자극적이지 않고 편안한 맛을 추구하시는 분들께 드리는 스페셜티 블렌드, 산타 이사벨입니다.","['콜롬비아', '브라질']"
3516,Decaf 디카페인,"디카페인인지 모를정도로 풍부한,
끈적하고 달콤한 꿀같은 맛이예요.",['콜롬비아']
43,데일리스윗,중남미 블렌딩으로 깊이 있는 단맛과 초콜렛티함이 조화롭게 어우러진 하우스 블렌드 입니다. 편안한 커피에 초점을 두고 매일 마셔도 기분좋은 달콤함을 담아냈습니다.,"['브라질', '과테말라']"
3013,일랑일랑 블렌드,"과일 티를 마시는 듯 한 상큼하고 깔끔한 단맛
꽃 향의 여운이 길게 남는 커피","['코스타리카', '에티오피아']"
3804,웨이브온 컴페티션 블랜드,강배전 특유의 쌉싸름한 진한 맛과 묵직한 바디감을 느낄 수 있는 블랜드,"['브라질', '에티오피아', '과테말라']"
4767,에티오피아 워르카 우리 워시드,레몬그라스와 유자의 플레이버와 꿀같은 단맛이 매력적입니다.,['에티오피아']
1298,그린 블렌딩 커피,부드러운 단맛과 고소한 풍미가 밸런스가 좋습니다. 좋은 균형감이 매일 마시기 편안한 커피입니다.,"['에티오피아', '콜롬비아', '브라질', '과테말라']"
3011,허니서클 블렌드,"씨리얼의 고소함과 메이플시럽 같은 단맛이 잘 어우려져 있으며
끝 맛은 깔끔해 누구나 좋아할 커피","['브라질', '코스타리카']"
4488,에티오피아 게이샤 피치 G1,"피치와 구와바 맛에 밸런스에 밀크초콜렛의 은은함이
더해 깊은 베리맛을 선사합니다.
스페셜티 아메리카노와 핸드드립에 어울리는 원두입니다.
적극추천합니다.",['이르가체페']
3012,우리집블렌드,땅콩류의 느낌이 잘 느껴지며 후미에 잔잔하게 강도가 낮은 산미가 졸인 딸기처럼 느껴지는 커피입니다. 언제라도 맛있는 커피를 즐기길 원한다면 이 커피를 추천합니다.,"['브라질', '콜롬비아', '에티오피아']"
3555,트로피칼 플라워 게이샤 무산소,이국적인 꽃들과 열대과일의 맛들이 특별함을 선사합니다.,"['아메리카', '퀸디오']"
3513,Nube Gris 누베그리스,"부드러운 질감이 마치 구름같아요.
고소하고 깔끔해 데일리로 즐길 수 있어요.","['브라질', '콜롬비아', '에티오피아']"
3064,시그니처 블랜드 타이틀드,다크 초콜릿의 단맛과 깊고 묵직한 바디감이 느껴지는 블렌드 원두 입니다.,"['과테말라', '탄자니아', '인도']"
4450,BACS 더스크 블렌드,"과테말라와 인도를 베이스로한 견과류의 고소함과 초콜레티한 단맛이 특징인 커피입니다.

산미가 거의 없으며 아메리카노 등 블랙커피와 잘 어울리고 우유가 들어간 라떼류에도 잘 어울립니다.

디저트와 잘 어울리는 BACS의 가장 대중적인 블렌드입니다.","['과테말라', '인도']"
4429,과테말라 안티구아 파노라마 SHB EP 풀리워시드,"안티구아 커피 특유의 풍부한 바디감과 입 안 가득 전달되는 단맛, 커피의 단맛과 여운을 끌어올려주는 적절한 산미로 균형감이 좋은 커피입니다. 과테말라 안티구아 커피의 견과류와 초콜렛 향이 가득한 안티구아 핀카 엘 파노라마는 대중적이면서도 높은 수준의 균형을 보여줍니다. 또한, 퀄리티 대비 저렴한 수준의 가격으로 더욱 매력적인 커피입니다.
컵노트: 마카다미아, 포도, 당밀",['안티구아']
1589,에티오피아 구지 라요 타라가 워시드,오렌지의 달콤함 뒤에 따라오는 꽃향기의 여운이 느껴집니다.,['구지']
3459,에티오피아 예가체프 코체레 G2 워시드,"밝고 상큼한 레몬의 산미, 비스킷의 고소함, 부드러운 목넘김과 깔끔한 여운",['코체레']
3217,Hammock (해먹),"견과류,곡물의 고소함과 길게 이어지는 단맛
후미에 남는 코코아의 달콤함
라떼, 아메리카노 둘다 잘 어울리는 원두","['브라질', '과테말라']"
194,Decaffeinated Blend,"FELT가 제안하는 카페인이 부담스러운 순간의 대안입니다.

흑설탕과 같은 단맛과 은은한 산미, 고소한 견과류의 풍미가 어우러지며 부드럽게 입안을 채워주는 디카페인 커피입니다.","['에티오피아', '콜롬비아', '과테말라']"
3161,라까프 에스프레소 블렌드,크랜베리 피칸파이의 풍미와 크리미한 다크초콜릿의 향미가 층층이 쌓인 듯한 느낌의 에스프레스용 블렌드입니다. 화이트 커피로 즐기시면 견과류의 맛이 더욱 부각됩니다.,"['푸꾸옥', '응옥', '브엉']"
4819,부릉부릉,"기분좋게 느껴지는 신맛과 바로 뒤에 따라오는 땅콩의 고소한 단맛이 신맛에 대한 거부감, 안좋은 기억들을 잊게 해드릴 수 있는 커피 입니다.","['브라질', '에티오피아']"
186,포스트업,초콜릿처럼 견고하고 묵직한 단맛과 쌉싸름함을 중심으로 약간의 산미가 조화를 이루어 안정적이고 좋은 여운을 느낄 수 있습니다.,"['브라질', '과테말라']"
3505,D3,쌉쌀함과 단맛의 조화가 좋은 블렌드입니다. 에스프레소의 풍부한 바디감과 다크초콜릿의 단맛이 매력적인 후미를 만들어냅니다. 고소하고 산미가 없어 우유가 들어간 음료에 잘어울리는 블렌드입니다.,"['브라질', '과테말라', '인디아']"
1734,멜로브라운,"구운 견과류의 고소함과 시럽같은 단맛, 뒤에서 은은하게 퍼지는 산뜻한 산미가 특징인 밸런스가 좋은 커피입니다.

- 전체적인 밸런스가 좋습니다.
- 부드럽고 가벼워 데일리커피로 좋습니다.
- 라떼로 드시면 견과류의 고소함이 풍부하게 느껴집니다.","['브라질', '과테말라', '에티오피아']"
3090,올드스쿨(Old School),"설탕 두 스푼과 함께 한 에스프레소는 어린시절, 학교 앞 노점상에서 노릇하게 구워지던 달고나를 떠오르게 합니다. 달콤쌉싸름한 휴식이 필요하다면 ‘올드스쿨’과 함께 하세요. Oldies but Goodies!","['에티오피아', '인도', '브라질']"
140,클래식 블렌드,엘카페커피로스터스의 대표 블렌드로 매일 마셔도 질리지 않는 균형잡힌 맛입니다.,"['콜롬비아', '엘살바도르']"
232,나이트아울 블렌드,"갈색이 떠오르는 단맛이 풍부한 블렌드 입니다.
매일 마셔도 좋은 단골 고객을 위한 커피 입니다.","['과테말라', '콜롬비아']"
2998,삼척블렌드,너트류의 고소함과 카카오 초콜릿의 달콤 쌉싸름한 맛이 농후하게 느껴지는 바디감이 깊고 풍부한 블렌드 커피입니다.,"['과테말라', '콜롬비아', '인도']"
3914,조바티 디카페인 블렌드,"조바티 디카페인 블렌드는
조바티커피의 심혈을 기울인 디카페인 블렌드로,
풍부한 바디감과 상쾌함을 발현하여 조바티만의 디카페인을 만들었습니다. 스페셜티 느낌의 깊은맛을 느낄수 있습니다.",['상파울루']
4056,휴식 블랜드,"가벼운 핵과류 산미와 초콜릿의 단맛의 여운이 긴 커피입니다.
추출 시간과 비율을 조절하여 초콜릿의 여운을 길게 가져가실 수도 있고 핵과의 산미를 밝게 살리실 수 있습니다.","['콜롬비아', '과테말라', '에티오피아']"
1712,캠프파이어 블렌드,"NSWF 시그니처 블렌드이자 복합적인 향미를 균형감 있게 나타내는데 중점을 둔 커피입니다.
은은한 산미, 이를 뒤따르는 단맛의 보드라운 질감이 긴 여운으로 잔잔하게 입안을 감돕니다.
어떤 요소 하나 두드러짐 없는 편안한 커피를 의도하였습니다.
누구나 매일 마시기 좋은 데일리 커피로 추천합니다.","['브라질', '콜롬비아', '과테말라']"
3075,시그니처 블랜드 000 디카페인,"밀크 초콜릿, 아몬드 그리고 브라운슈가의 향미가 어우러져
깊은 풍미와 함께 부드러운 여운을 느끼실 수 있습니다.",['과테말라']
3508,카프리,군옥수수의 구수한 단맛이 매력적인 디카페인 블렌드 입니다. 구성된 디카페인 생두는 모두 마운틴워터 프로세스방식으로 카페인을 제거했습니다.,"['브라질', '과테말라', '콜롬비아']"
193,마리모,"식물학 커피의 써드 블렌드인 마리모는 다크초콜릿의 단맛과 쌉살한맛, 스모키함이 특징입니다. 단맛과 쌉쌀한 맛이 조화롭게 어우러져 누구나 편하게 마실 수 있습니다.

식물학 커피 로스터스에서 가장 많은 곳에 납품을 하고 있는 블렌드입니다. 그 만큼 많은 분들이 좋아하고, 대중적인 커피입니다.","['브라질', '인도']"
4823,L 블렌드,단맛과 바디감에 초점을 둔 강배전의 블렌딩 원두입니다. 복합적인 단맛과 견과류의 고소함과 보다 무거운 바디감을 자랑합니다. 깔끔하면서 은은하게 커피의 여운을 길게 느낄 수 있습니다.,"['브라질', '콜롬비아', '베트남']"
1108,하늘에 시그니처 블랜딩,"케냐 AA를 베이스로 에티오피아 모모라 내추럴을
더하였습니다. 오렌지의 산미와 카라멜의 단맛,
은은하게 퍼지는 꽃향의 여운을 느끼실 수 있습니다.","['케냐', '에티오피아']"
1043,브릭 에스프레소,고소한 견과류의 맛과 흑설탕의 단맛 그리고 부드러운 촉감과 완벽한 밸런스를 가진 커피입니다.,"['과테말라', '콜롬비아', '인도']"
1094,콜롬비아 디카페인,초콜릿티한 달콤함과 좋은 단맛으로 누구나 마시기 편한 커피입니다.,['퀸디오']
3369,그레이 포레스트,"그레이 포레스트는 균형감 있는 커피로써 모든 베리에이션에
응용이 가능하며 플로럴한 꽃향과 고소하면서도 기분 좋은 단맛,
바디감이 어우러진 밸런스가 좋은 커피 입니다.
고요한 숲속에서 느끼는 평온한 여운을 선사 합니다.","['에티오피아', '케냐', '과테말라', '콜롬비아']"
3601,콜롬비아 핀카 라 에스메랄다 아나에어로빅 허니,"입안 가득히 열대과일 주스를 마시는 듯 한 풍미
-패션후르츠, 리치, 파인애플",['퀸디오']
281,백야 블렌드,"견과류의 고소한 맛과 은은한 산미, 부드러운 바디감을 가진 커피입니다.","['브라질', '에티오피아']"
3195,블랙 블렌딩 커피,"- 한국인이 가장 좋아하는 커피 맛
- 산미는 전혀없고 진하고 구수한 블렌딩 커피","['인도', '브라질', '콜롬비아']"
1710,에티오피아 코케 허니 예가체프 G1,"복숭아와 같은 쥬시함과 단맛이 좋고, 마지막까지 깔끔한 느낌이 좋습니다.",['예가체프']
3557,타이거 스모크 블랜드,"꽉찬 바디와 짙은 단맛.
강배전 원두임에도 탄맛이나 잡미없이
놀랍도록 깔끔합니다.","['과테말라', '브라질']"
1505,콜롬비아 엘 카르멘 디카프,꿀과 같이 은은한 단맛이 있는 디카페인 커피입니다.,['후일라']
3406,레드써클 블렌드,"레드써클은 세계 상위 등급 10% 생두로만 블렌딩한 최상급 스페셜티 블렌드입니다.
스페셜티가 가진 부드러운 산미와 단맛을 느껴보세요.","['케냐', '코스타리카', '에티오피아']"
3061,에티오피아 예가체프 G1 할로 베리티 워시드,은은한 자스민 향과 더불어 복숭아와 오렌지의 상큼한 과일을 느끼기 좋은 커피입니다. 밀크 카라멜 같은 부드럽고 진한 단맛이 잘 받쳐주는 높은 품질의 에티오피아 워시드 커피입니다.,"['베리티', '예가체프']"
1475,아이보리 블렌드,고소한 구운 견과류의 늬앙스 그리고 우유와 만났을때의 달달함으로 데일리커피로 딱 알맞은 커피입니다.,"['브라질', '콜롬비아']"
4333,불켜진공장 블렌드,"진하지만 산미는 적고 고급스러운 느낌이 나는 블렌드
아메리카노, 라떼에 모두 잘 어울리는 커피","['브라질', '콜롬비아', '과테말라']"
1479,바이올렛 블렌드,"말린 건포도의 단맛과 오렌지의 기분좋은 산미, 그리고 카라멜 에프터 테이스트가 느껴져요.","['에티오피아', '콜롬비아']"
4316,랑케블랙,"다크 초콜릿의 달콤쌉싸름한 단맛과 묵직한 바디를 가지고 있어 깊고 진한 커피의 여운을 즐길 수 있는 커피입니다.

샘플 주문 시 아메리카노 캔 같이 보내드립니다.","['브라질', '콜롬비아', '인도', '온두라스']"
189,과테말라 안티구아 디카페인,다크초콜릿의 단맛과 묵직한 바디감이 느껴집니다.,['안티구아']
3355,그레이무드 블랜드,"산미를 최대한 억제하고 탄맛이 나지 않는 원두 입니다.
두툼한 바디와 갈색설탕의 단맛은 우유와의 궁합이 아주 좋습니다.","['과테말라', '브라질']"
1476,다크 아이보리 블렌드,기름진 견과류의 느낌과 진하고 어두운 늬앙스의 커피입니다.,"['브라질', '콜롬비아']"
3340,콜롬비아 디카페인,"맛있는 디카페인 커피입니다.
미디엄 다크 로스팅 포인트로
고구마, 사탕수수, 초콜릿 뉘앙스로 누구나 부담 없이 편하게 드실 수 있습니다.",['콜롬비아']
1205,오드 블렌드,달달한 단감의 단맛이 길게 이어지는 커피로 끝 맛은 진한 홍차처럼 느껴져요.,"['에티오피아', '코스타리카', '에티오피아', '콜롬비아']"
4726,다크로스팅 에티오피아 웨스트 아라시 넨세보 만도예 워시드,"에티오피아 워시드 다크 로스팅 입니다.

화사한 꽃향기와 블랙 사파이어 포도와 같은 단맛의 조화가 아름답습니다.",['에티오피아']
3437,2시 15분,"나른한 2시 15분에 마시기 좋은 커피입니다.
달콤한 과일의 향미를 느껴보세요.","['에티오피아', '에티오피아']"
135,디카페인 에티오피아 블렌드,"검붉은 과일의 싱그러움과 믹스베리의 단맛이 어우러지는 조화로운 향미, 깔끔한 목넘김으로 차가운 음료에 잘 어울립니다.",['에티오피아']
3739,콜롬비아 메사 알타,"복합적인 붉은 과일향, 레드와인과 럼, 베리잼의 풍미, 카카오의 여운을 가진 커피입니다.",['퀸디오']
3725,디카페인 원두 (브라질),"고소함.
라떼랑 잘 어울립니다.
라떼 맛집으로!",['브라질']
4817,과테말라 아구아 티비아 게이샤 워시드,"얼그레이,자스민,레몬필,긴여운",['s']
3152,고독,"진하게 볶은 견과류의 스모키한 고소함과
목 넘김 후 카라멜 같은 단맛을 느낄 수 있습니다.","['엘살바도르', '코스트리카', '브라질', '인도']"
3205,펀치,"이름에서도 느껴지는 강렬함
묵직한 바디에 더해지는 달콤한 산미.
에스프레소 마니아를 위한 펀치는 몽롱한 정신을 깨우는 좋은 수단의 커피에요.","['브라질', '에티오피아']"
22,1st WAVE : Supply,묵직한 단맛과 카카오의 쓴맛이 입안을 가득 채웁니다.,"['브라질', '인도']"
1047,엘리 크릭,풍부한 단맛과 부드러운 질감을 갖춘 밸런스가 돋보이는 매력적인 커피,"['콜롬비아', '브라질', '과테말라', '에티오피아']"
4705,콜롬비아 수프리모,"콜롬비아 특유의 산미와 달달하고 바디감있는 향미
1차팝이후 2차팝 직전 배출로 브루잉과 머신에 사용하기 좋습니다.

#캐러멜, #바디감, #은은함",['콜롬비아']
1073,노네임블렌드,"견과류 고소함과 다크 초코의 단맛 밸런스가 좋고, 크림 음료들과도 잘 어우러져요.","['콜롬비아', '브라질', '인도']"
120,풍요로운 땅,"누구나 편안히 마실 수 있는 커피로, 달콤쌉싸름하고 입 안 마무리는 시원함을 느낄 수 있어요.","['브라질', '콜롬비아']"
206,날아올라,"꽃처럼, 향수처럼, 아름다운 커피","['네센보', '웨스트아르시', '오로미아']"
4448,CALLA LILY(칼라 릴리),"아메리카노로 마실 때에는 시간이 지날수록 짙어지는 꽃내음이 매력적이고,
라떼로 드실 때에는 은은하고 부드러운 단맛으로
기분 좋은 애프터 테이스트를 선사합니다.",['구지']
4697,보니타 블렌딩,"텁텁함은 없고 깔끔한 견과류와 초콜릿 향미가 어우러진 커피입니다.

#견과류, #초콜릿, #달콤, #클린","['브라질', '에티오피아']"
1110,이태리스페셜,"에스프레소의 본고장인 이탈리아의 커피맛을 합리적인 가격으로 재현하였습니다.
묵직하고 풍부한 바디감과 함께, 다크초콜렛의 길고 진한 애프터를 느껴보세요.
더블샷 아이스에서 선명함이 더욱 드러납니다.","['콜롬비아', '인도', '동티모르', '브라질']"
52,비터스윗 라이프 에디션2,보다 높은 바디감과 묵직한 단맛을 원하시는 분들에게 추천합니다. 비터스윗라이프 에디션1과 동일한 블렌딩으로 배전도를 높여 소개합니다.,"['인도', '에티오피아', '코스타리카']"
204,브릴리,"바닐라, 건과일, 견과류, 크림 브륄레, 누룽지 사탕 등의 향미가 두드러집니다. 매일 먹어도 질리지 않는 마치 밥같은 커피로 누가 마셔도 좋습니다.",['미나스']
1119,아몬드 블렌딩,은은하고 고소한 풍미와 견과류의 부드러움으로 커피의 온화함을 느낄 수 있는 블렌딩입니다.,"['콜롬비아', '브라질', '과테말라']"
4766,에티오피아 딤투 테로 내츄럴,"에티오피아 특유의 자스민향과
복숭아의 산미 블루베리의 플레이버를 가지고 있습니다.",['에티오피아']
3643,에티오피아 시다모 문타샤,"에티오피아 시다모 물루게타 문탸샤 네츄럴 원두로
새콤 달콤한 과일의 단맛을 느끼실 수 있는
COE 1 위 농장의 원두 입니다.
미디움 라이트 로스팅 된 곰네의 베스트 싱글 원두를 즐겨 보세요.",['시다모']
36,도화 블렌드,"다크초콜릿 속에 말린 과일의 진한 단맛과 은은한 꽃향기가 남습니다.
레드와인을 닮아 밸런스가 좋아요.","['콜롬비아', '에티오피아', '과테말라']"
3433,데일리블렌드,"스모키한 다크초콜릿을 느낄 수 있어요.
절제 된 산미와 고급스러운 풍미가 좋아요.","['과테말라', '인도', '브라질']"
8,파나마 코토와 돈케이,파나마 보케테 지역에 위치한 코토와 돈 케이 농장은 카투라 품종만 주력으로 생산 합니다.,['보케테']
4684,제우스 블렌딩,"허브 및 꽃의 편안한 산미와 밀크 초콜릿을 먹는 듯한 부드러운 달콤함을 주며 깔끔한 여운으로 복합적인 향미가 일관되게 유지됩니다.

★컵노트 : 자몽 , 브라운슈가 , 아몬드 , 초콜릿

※에스프레소 뿐만 아니라 각종 브루잉 도구까지 다양한 방식으로 즐길 수 있는 커피입니다.","['브라질', '온두라스', '콜롬비아']"
3244,클래식 실버 블렌드,"캐러멜의 부드러움 뒤로 구운 견과류의 여운이 좋은 원두입니다. 어느 하나 모나지 않고 그 안에 담기 향미들간에 조화가 상당히 뛰어나 아메리카노, 라떼 등 전전후로 사용하기 좋은 원두입니다.","['브라질', '콜롬비아', '온두라스', '과테말라']"
3068,아게다 블렌딩,"산미 있는 커피를 만들기 위해 블렌딩한 원두입니다. 열대 과일의 단 맛, 베리류의 산미가 매력적인 원두로 달콤하고 상큼한 맛의 블렌딩을 원하시는 분들께 추천드립니다.
(사용량에 따라 가격은 상이하니 연락 주시기 바랍니다.)","['케냐', '콜롬비아', '브라질']"
3608,명지바람,"고소한 향미와 은은한 상큼함의 적절한 조화로
부드러운 목넘김이 특징이며
아메리카노로 부담없이 즐기기 좋습니다.","['에티오피아', '브라질', '콜롬비아']"
3591,케냐 AA TOP 키린야가 카리아,"짙고 묵직한 단맛과, 자몽의 향미",['키린야가']
113,빈야도르 블렌드,"부드러운 촉감과 은은한 산미가 인상적인 블렌드입니다. 복합적인 과일향과 기분좋은 산미, 부드러운 단맛의 조화를 느껴보세요.","['콜롬비아', '에티오피아']"
3617,투게더 블렌드,"자연과 우리 모두에게 조금이라도 보탬이 될 수 있는 가치있는 소비를 위해 커피 재배 환경에서 조금이라도 환경오염을 줄일 수 있도록 유기농법을 적용하거나 가공 과정에서 발생하는 폐수를 재활용 하여 다시 사용 하고 더 좋은 품질을 생산하기 위해 엄격한 분류 및 요구사항을 따라 생산한 커피만을 사용합니다
고급 초콜렛같은 맛과 텍스쳐가 느껴집니다
길게 남는 고소한 견과류의 여운과 바디감이 좋습니다","['과테말라', '콜롬비아', '브라질', '인도']"
3151,길들인다,"볶은 견과류의 폭발하는 고소함과 묵직한 바디감,
초콜렛의 쌉싸름한 달콤함이 길게 지속됩니다","['브라질', '브라질']"
1495,디카프 브라질 NY2/3 mountain water,전체적으로 구수하고 달콤하며 밸런스가 좋은 디카페인 커피입니다.,['브라질']
223,웨이브온 블렌드,견과류의 고소한 단맛과 은은하게 퍼지는 산미로 밸런스가 좋은 커피입니다. 라떼와도 잘 어울려요.,"['과테말라', '브라질', '에티오피아']"
74,BACS 다크 블렌드,"과테말라, 콜롬비아, 에티오피아를 배합한 박스프레소의 기본 블렌드 커피입니다.

강하지 않은 산미와 묵직한 바디감, 깔끔한 뒷맛과 기분 좋은 애프터테이스트를 가졌습니다.

BACS에서 제공하는 가장 대중적인 블렌드 중 하나입니다.","['에티오피아', '콜롬비아', '과테말라']"
3909,타이거릴리,디카페인 하우스 블렌드,['리브레']
146,안목블렌드,"보사노바의 아메리카노에 사용되는 보사노바 대표 블렌드입니다. 은은한 오렌지의 산미와 크리미한 질감이 특징입니다. 단 맛이 잘 어우러진 밸런스가 좋은 블렌드커피로, 대중적인 아메리카노 추출에 적합한 원두입니다.","['과테말라', '에티오피아', '코스타리카']"
3391,커튼콜,"화사한 꽃과 과일의 향미, 캔디의 달콤한 단맛이 느껴져요.","['에티오피아', '온두라스']"
1341,R 블렌드,밸런스에 초점을 맞춘 중배전의 블렌딩 원두입니다. 달달한 꿀과 캐러멜스러운 단맛에 꽃 향이 맴도는 은은한 산미가 매력적입니다.,"['과테말라', '브라질', '에티오피아']"
3910,조바티 클래식 블렌드,"조바티커피의 대표 에스프레소 블렌딩 ""jobatti classic""
미디움 다크로스팅.
에스프레소의 본연의 진한 풍부한 바디감으로
깔끔한 아메리카노와 고소한라떼에서 극적인 강점을 지닌 원두입니다. 고객이 극찬한 기본에 충실한 블렌딩 원두입니다.
특히 이태리 클래식 에스프레소 구연을 목적으로 만든 블렌딩인 만큼 요즈음 유행하는 에스프레소바 메뉴에서도 Variation 메뉴 강점이 발휘합니다.","['과테말라', '코스타리카', '니카라과']"
4870,케냐 가탕가리리 AA,자몽과 청사과 같은 산미에 카라멜의 진한 단맛이 특징입니다.,['케냐']
219,66도 블렌드,처음 마셨을 때 밀크 초콜릿의 뉘앙스와 끝에 남는 상큼함이 깔끔하게 잡아주는 블랜딩. 적당한 바디감과 감귤같은 산미가 잘 어우러져 여운이 긴 것이 특징이며 산미를 싫어하시는 분들도 쉽게 접하기 좋은 매력적인 커피입니다.,"['과테말라', '콜롬비아', '에티오피아']"
3487,피크 블렌드,크림같은 질감과 견과류의 고소함과 다크초콜릿의 달콤 쌉싸름함,"['Santa', 'Supremo', 'SHB', 'Wahana', 'Kua']"
292,허클베리,"상큼한 커피를 좋아한다면 적절한 선택이 될 거에요.
커피 하면 떠오르는 맛에 상큼한 개성이 더해져
특별한 커피 한 잔을 마시는 기분을 느껴보세요!","['과테말라', '콜롬비아', '에티오피아']"
3801,모리 케피어 로부스타 TR4,"밀크초콜릿, 당밀, 황설탕",['잘라이']
3588,다크브릭스 블렌드,"진한 풍미가 느껴지는 미디엄다크로스팅 커피로,

마치 중후한 중년남성을 표현한듯한 맛으로, 구운 견과의 고소함과 함께 느껴지는 시가의 풍미와 묵직한 목넘김으로, 입안의 피니쉬까지 긴 여운을 가진 커피입니다.

별다방과 같은 맛이나, 고소하고 커피 특유의 쓴 맛을 좋아하시는 고객들에게 세팅하기 좋은 커피입니다.","['인도', '에티오피아', '브라질']"
1296,콜롬비아 디카페인,"산뜻한 건과일 플레이버 뒤로 이어지는 토피넛과 코코아의 달콤함으로, 안정된 밸런스를 가진 디카페인 커피입니다.",['후일라']
1120,다크초코 블렌딩,중후한 무게감을 가지면서 레드와인의 짙은 풍미가 살아있어 많은 분들께 사랑받는 블렌딩입니다.,"['콜롬비아', '과테말라', '코스타리카']"
1089,마르께,아몬드의 고소함과 밀크초콜릿의 부드러운 단맛,"['브라질', '콜롬비아', '에티오피아']"
3040,시에나,"루비아의 시에나(Sienna)
Sienna는 황갈색의 천연염료의 색입니다.
치장되지 않은 가장 순수한 커피와도 같은 색을 지닌 시에나는 오직 스페셜티만을 사용하여, 고급스러운 풍미와 풍부한 단맛, 초콜릿의 스윗 & 비터니스와 함께 부드러운 텍스쳐를 가진 커피 입니다.
18g의 커피만을 사용하여, 16oz까지 충분한 농도와 풍미를 표현해 낼 수 있습니다.","['단', '  라 플라타', '세뇨르지또']"
3586,디카페인 스프링 블렌드,"CUSP의 자신있는 아프리칸 디카페인 블렌딩 커피로서,

딸기의 기분좋은 베리류향과 함께 은은하게 퍼지는 꽃향에 새콤 달콤 레몬과 꿀향이 함께, 디카페인 커피도 향긋할 수 있다는 걸 느낄 수 있는 블렌딩 커피입니다.

마치 일반 아프리카 커피처럼 향긋함과 산미가 살아있어, 디카페인 커피 중에서 산미있는 커피를 원하시는 분들에게 세팅하기 좋은 커피입니다.","['에티오피아', '에티오피아']"
4790,아시아 블랜드,"고소함의 대명사 베트남과 인도의 만남
가성비 좋으며, 사무실에서든 매장에서든 커피를 즐기실수 있습니다.","['인도', '베트남']"
3141,블랙 블렌드,흑맥주를 마시는 듯한 쌉싸름함과 뒤에 올라오는 단 여운,"['케냐', '케냐', '브라질', '과테말라', '콜롬비아']"
4730,알파 블렌드,"견과류의 고소함과 흑설탕, 다크초콜릿을 함께 먹는듯한
단맛을 느낄수 있는 블렌딩","['브라질', '베트남']"
4331,반월 블렌드,"스페셜티커피는 약배전만 있는게 아닌,
강배전 고유의 풍미와 좋은 생두의 향과 맛을 살린 블렌드
바닐라 같은 질감과, 달콤한 여운이 특징입니다.","['콜롬비아', '에티오피아', '케냐']"
3616,스페셜티 블렌드,"달달한 복숭아와 오렌지가 연상됩니다
은은한 꽃향기의 여운이 느껴집니다","['에티오피아', '에티오피아']"
3223,브라질 산타루시아,견과류의 고소함과 달콤한 밸런스가 특징인 원두,['브라질']
1723,에티오피아 시다마 파피초 내추럴,"장미꽃 향기, 풍부한 열대 과일의 맛과 향이 크리미하게 입안에서 느껴집니다.
네추럴 특유의 과한 발효향이 없고 부드럽습니다.",['시다마']
3176,콜롬비아 아마티보 로꼬시리즈 카리베,"카리베는 과일추출물을 사용하여 맥주 발효조에서 더블 무산소 과정을 거친 후 워시드 프로세스로 마무리한 커피입니다.
키위, 메론 같은 과일톤과 함께 리치의 진한 단맛을 지녔습니다.
잘 익은 체리를 선별해 세척한 뒤 72시간 무산소 발효를 진행합니다. 이후 체리를 디펄핑한 후 탄소침용을 120시간 동안 반영합니다. 이 과정은 스테인리스 맥주 발효조에서 진행되며, 24시간이 지난 시점에 mosto, yeast 그리고 파인애플과 키위주스를 추가해 총 96시간 같이 발효합니다.",['안티오키아']
1040,그 해 겨울,"은은한 산미, 헤이즐넛, 초콜릿의 단맛 등 복합적인 향과 좋은 밸런스를 지닌 커피입니다.","['코스타리카', '과테말라', '에티오피아']"
4841,온두라스 COE#10 아구아 둘세 게이샤 워시드,"쟈스민, 라즈베리, 쥬시, 클린",['산타바바라']
4427,파푸아뉴기니 AA 쿠아 블루마운틴 풀리워시드,"세계 3대 커피인 자메이카 블루마운틴 원종을 파푸아뉴기니 쿠아 마운틴의 1,400m 고지에서 재배한 AA 쿠아 블루마운틴은 국내에 많이 들어오지 않는 파푸아뉴기니 최고 등급인 더블 A 등급의 스페셜티입니다.
블루마운틴 특유의 밸런스와 깔끔하면서도 고소하고 단맛이 충분히 받쳐주는 최고 수준의 커피입니다.
컵노트: 무화과, 밀크초콜릿, 브라운슈가",['고로카']
3563,비터스윗,"카카오와 견과류의 향미
묵직한 바디감을 강조한 블렌드","['과테말라', '인도', '인도']"
41,골든에라,"늘 편하게 마실 수 있는 언더프레셔 시그니쳐 블렌드 입니다.

원두 자체의 풍부한 단맛을 중심으로 체리캔디의 향미와 균형감있는 바디가 특징입니다.","['콜롬비아', '에티오피아', '코스타리카']"
3526,핸디엄 밸런스 원두 아로마 5kg,"- 주문 일자 기준 익일 로스팅 진행하여 출고 드립니다 5일 이상 디개싱 과정 진행 후 사용하시면 더욱 맛있게 드실 수 있습니다.
- 10년 간의 데이터 분석을 통해 검증된 3가지 밸런스 포인트를 살린 블렌드 원두입니다.
- 균형잡힌 맛과 화사한 향이 돋보이는 아로마 블렌드
- 화사한 중남미 원두와 아프리카 원두의 조합으로 향을 중시하는 따뜻한 아메리카노 메뉴로 추천해요!
- 쉬운 세팅법으로 유지하는 편차 없는 맛과 향","['에티오피아', '콜롬비아']"
4061,에티오피아 카욘 마운틴 내추럴,"자스민의 플로럴함
라즈베리의 산미
사탕같은 단맛",['에티오피아']
3005,꼬수운돌솥밥 블렌딩,"꼬수운 돌솥밥은 백박집에서 나오는 돌솥밥을 모티브로 제작되었습니다.
쌉싸름한 단맛이 지배적으로, 확실하게 꼬수운 느낌이 잘 맞는커피로 특이점으로는 한가지 브라질 생두를 2가지
로스팅 포인트로 볶은 후 블렌딩을 한 점입니다.
강배전한 브라질에선 진한 쓴맛과 단맛이 중강배전 브라질에선 견과류의 고소함이 폭발적으로 표현됩니다.
땅콩같은 고소함은 은은하며 돌솥밥을 먹을때 그릇에 붙어있는 누룽지를 먹는듯한 꼬수운 쌉싸름함이 지배적이며
꼬수운돌솥밥의 가장 좋은점은 산미의 발현력이 매우 낮은편이라보니 다양한 추출환경에서 자신의 캐릭터가
무너지지않고 선명하게 잡혀있으며 강도의 차이만 있을뿐이라 안정적으로 꾸준한 맛을 유지됩니다.
고소함은 커피에서 사람들이 가장 좋아하는 맛 중 하나로
단순한 고소함에 로스팅이 더해져 매력 가득한 고소함 끝판왕입니다.",['브라질']
1706,에티오피아 모모라 내추럴 구지 G1,2000M 고지대에 위치한 모모라 농장은 비옥한 토양과 최적의 기후를 자랑합니다. 여기에 농부들의 열정과 기술력이 더해져서 최고의 모모라 커피가 생산됩니다. 뛰어난 과일 향미와 단맛이 인상적인 커피입니다.,['구지']
60,메이데이,"메이 데이(May Day)는 근로자의 노고를 위로하기 위한 휴일이라는 뜻으로 한 잔의 커피에 휴식 같은 존재가 되고자 만든 센터커피만의 특별한 시그니처 블렌드 입니다.

데일리 블렌드로 적합한 커피로 밸런스와 복합성에 중점을 둔 커피이며, 매일 마셔도 질리지 않는 커피로는 합리적인 가격의 블렌드 커피입니다.","['에티오피아', '콜롬비아', '과테말라']"
4546,콜롬비아 디에고 베르가라 자바 이스트 무산소발효 워시드,리치와 코코넛 같은 열대 과일에 민트를 첨가한 프룻 펀치 같은 상쾌달달한 맛의 커피예요.,['후일라']
3021,스타가이 블랜드,"부드러운 산미, 달콤한 후미, 헤이즐넛 초코","['과테말라', '에티오피아', '브라질']"
1118,안신단고 블렌딩,"안시고 고소한 단맛! 신맛을 줄이고, 고소함을 담았습니다.
고소한 맛을 좋아하시는 분들께 강력 추천하는 커피입니다.","['엘살바도르', '브라질']"
4153,화사한 빈도,"과일의 달콤함과 부드러운 산미가 조화로운 화사한 빈도입니다.
붉은 과실의 달콤함과 화사한 꽃의 향기로움이 입안을 감싸는 느낌을 경험 해 보세요.","['르완다', '콜롬비아', '탄자이나']"
4601,디카페인 브라질,"브라질 디카페인의 경우 미디움다크 로스팅으로
너트,피넛,브라운슈가,스위티,카라멜 등의 맛을 구현하였습니다.
디카페인은 쓰다는 편견을 없애고, 커피 본연의 고소함에 충실한 원두입니다.","['산토스', '상파울루']"
3552,케냐 가차타 AA,"상큼한 포도, 흑설탕의 달콤함과 어울려 은은한 향이 매력적인 커피입니다.","['가차타', '니에리']"
3039,다크 브라운,"루비아의 다크 브라운

루비아의 베스트 셀러인 다크 브라운은 고소한 견과류와 달콤한 초콜릿의 풍미, 크리미한 질감으로 모든 사람이 좋아하는 고소하고 진한 커피 입니다.
10온즈부터 22온즈(대용량)까지 18g 2샷만으로도 충분한 농도가 나오며, 디저트에도 절대 밀리지 않는 진하고 맛있는 커피 입니다.",['브라질']
4774,브라질 핀할 카티구아,무산소 발효를 통하여 브라질에서 쉽게 느낄 수 없던 파파야 / 말린 자두 / 청사과 같은 맛과 향이 매력적입니다.,['산 안토니오 도 앰파랍']
4799,Ethiopia Guji G1(에티오피아 구지 G1),"마그마커피의 싱글오리진 에티오피아 구지(G1)는
허브티 같은 은은한 아로마와 상큼한 과일향이 기분좋은 조화를 이룹니다.
마시고 나면 군더더기 없이 깔끔한 후미를 느껴보세요.
내추럴 프로세스 특유의 부드러운 단맛이 잘 느껴지는 에티오피아 구지는 와인을 입에 머금은 듯한 풍미를 느낄 수 있습니다.",['구지']
1204,이븐 블렌드,고소한 견과류와 묵직한 초콜릿 단맛이 느껴지는 커피로 여운이 길고 밸런스가 좋아요.,"['과테말라', '에티오피아', '콜롬비아', '브라질']"
3232,과테말라 파노라마,달콤하고 고소한 견과류의 맛과 향,['s']
3359,7:01AM ,"깨끗한 질감과 풍성한 단맛을 가진 제철의 커피를 조합하여
세심하게 다크로스팅해 다크초콜렛의 달콤 쌉싸름함과 고소한 견과류의 향미를 강조했습니다.

아메리카노는 물론 밀크 베리에이션으로도 좋습니다.","['콜롬비아', '인도', '과테말라']"
3984,스모키쿼츠 블렌드,"가성비 최고의 원두로 대중성의 요소를 모두 가진 커피입니다.
무게감 있는 바디감과 더불어 고소한 단맛이 전체적인 베이스를 이룹니다.","['브라질', '인도']"
282,잘자요 디카페인,"아직도 맛없는 디카페인 커피를 드시나요? 맛있는 디카페인 커피입니다!
다크초콜릿의 풍미와 묵직한 바디감을 느껴보세요.
* 강배전된 디카페인 특성상 오일이 많이 발생합니다.",['세하도']
3394,과테말라 디카페인,견과류의 고소함과 긴 여운이 있는 디카페인 커피입니다.,['안티구아']
4826,케냐 띠리쿠 AA 워시드,"이 커피는 붉은 장미를 연상시키는 꽃 향기가 은은하게 느껴집니다.
한 모금 마셨을 때 라즈베리와 체리의 새콤달콤함, 캐러멜 같은 단맛이 길게 이어지는 커피 입니다.",['니에리']
1105,디카페인 블렌드,"카페인은 안녕, 풍미와 향미는 그대로
화산 빙하의 깨끗한 물과 탄소필터를 활용해
카페인만 99.9% 제거하여, 커피 본연의 풍미와 향을
해치지 않은 마운틴 워터 프로세스의 디카페인 커피입니다.","['콜롬비아', '과테말라']"
4802,바흐 Bach,처음 한 모금에서 느껴지는 달콤 고소함에 이어 시간이 지나면 상큼하고 기분 좋은 산미가 느껴지는 크레센도 커피로스터스의 대표블렌드입니다. 데일리 커피로 추천해드립니다.,"['에티오피아', '코스타리카']"
3150,다크 클로,"맛있는 강배전 커피!
카라멜, 로스티드 피칸, 조린 흑설탕, 약간 스모키, 긴여운, 단단하고 묵직한 바디","['브라질', '과테말라']"
4736,"LIGHT,LIGHTER 에티오피아 하마쇼 내추럴","블루베리,망고스틴,버블검,보라색 과일이 연상되는 커피입니다.",['에티오피아']
1001,오버타임,"묵직하고 견고한 바디를 위해 미디엄 다크로 로스팅 했습니다. 말린 과일의 풍미와 부드러운 촉감과 균형감, 달콤한 초콜릿의 풍미로 마무리됩니다.","['브라질', '과테말라', '에티오피아']"
1201,간편한즉석밥 블렌딩,"간편한 즉석밥은 누가 만들어도 똑같은 맛을 내는 즉석밥을 모티브로 제작되었습니다.
일반적으로 커피맛에 대한 설명을할 때 쓴맛, 단맛, 신맛을 중심으로 설명하고 3가지 맛이 잘 섞인걸
벨런스가 좋은 커피라고 하는데 즉석밥은 벨런스가 아주 좋으며 특히 브라질의 밋밋하고 평범할 수 있는 고소함에 베트남의 강렬한 쓴맛이 더해져 맛을 풍부하게 하며 카카오,다크초콜렛을 먹는듯한 단맛과 향의 여운, 미세한 신맛의 감칠맛까지.
거기에 하나 더, 추출의 안정성을 높여서 누가 내리더라도 평균 이상의 맛을 내는것에 집중했습니다.
한 잔씩 정성껏 내리는 커피가 최고지만 카페, 탕비실, 회사같이 다수의 사람들이 정신없이 사용하는 곳에서
즉석밥은 누가 내려도 자신이 가지고 있는 맛을 잘 뽑아내는 안정적인 커피입니다.","['브라질', '베트남']"
3015,하우스블렌드,"브라질 커피의 달콤함 맛과 땅콩,아몬드류의 고소한 향이 좋은 커피입니다. 매일 실패없는 커피를 마시고 싶다면 하우스블랜드를 선택하세요.","['브라질', '에티오피아']"
1055,콜롬비아 디카페인,"사과잼과 탠저린의 향긋함과
부드러운 화이트 초콜릿의 풍미",['안티오키아']
3438,디카페인,"이산화탄소 초임계 방식으로 만든 디카페인 커피.
맛과 향 손실을 최소화 하였습니다.
디카페인 커피 중 단연 최고입니다.",['s']
3602,에티오피아 예가체프 게이샤 G1 내추럴,"첫 한모금에 상큼한 포도의 기분좋은 산미와 함께 화이트와인과 같은 깔끔한 느낌에 마지막 입안 가득 남는 꽃향기로 여운 짙은 커피로,
마치 봄날 만개한 벚꽃이 생각나는 기분좋은 산미의 커피입니다.
에티오피아 아리차 농장에서 생산되는 커피 중 가장 품질이 우수한 커피를 선별하여 정말 말 그대로 에티오피아스럽고 산미를 즐기시는 고객들을 위해 세팅하기 좋은 커피입니다.",['예가체프']
4737,콜롬비아 디카페인,과일에서 느껴질 듯한 향미와 더불어 가벼우면서 거칠지 않은 바디감이 특징입니다. 또한 단맛이 잘 어우러진 산미의 표현으로 구운 사과와 호박조청의 맛을 느끼실 수 있습니다.,['콜롬비아']
3836,시그니처블렌드 B,"[Signature Espresso][중강배전]

로컬커피로스터스의 시그니처블렌드이며, 스페셜티생두로 높은 클린컵, 부드러운 바디감, 고소한 아로마는 누구나 좋아할만한 커피입니다.

주거상권 또는 여성고객들이 많은 매장에서 만족도가 좋습니다.","['브라질', '괴템말라']"
3705,G'day Blend (좋은 하루의 시작),"편하게 데일리커피로써는 추천!
초콜릿, 구수함, 달고나의 단맛.
하루의 첫커피로써 제격입니다.","['브라질', '엘살바도르', '인도']"
2992,블렌드 캔디 그린,"리프커피의 시그니처 블렌드로 기분 좋은 산미와 달콤함을 느낄 수 있는 블렌드입니다.
꽃과 과일의 향이 풍부한 캔디 그린은 혀에 닿았을때 부드럽게 느껴지는 감귤류의 산미와 뒤에 따라오는 카라멜, 갈색설탕의 감칠나는 단맛의 균형이 매력적입니다.
깔끔한 향과 질감, 오래도록 입안을 맴도는 단맛의 여운은 마치 맛있는 사탕을 입안에 물고있는 것 같은 느낌입니다.
산미는 과하지 않아 편안하게 마실 수 있습니다.","['예가체프', '콜롬비아', '과테말라']"
1473,초콜릿 블렌드,"이름처럼 초콜릿, 카카오닙스의 향이 특징적이며 긴 단맛이 애프터로 남는것이 매력적입니다.","['브라질', '콜롬비아', '인도']"
4428,인도네시아 만델링 G1 트리플픽,"인도네시아 만델링 트리플 픽 G1 커피는 산지에서 세 번에 걸친 핸드피킹을 통해 품질을 높였으며, 인도네시아 길링바사 프로세스 특유의 단맛과 강한 바디감, 스모키한 향을 간직한 커피입니다. 국내에서는 별다방 커피를 떠올릴 수 있는 진한 커피이며, 산미가 거의 느껴지지 않습니다.

컵노트: 당밀, 다크초콜릿, 시가",['아체']
1331,와이칸 다크,"다크초콜릿, 블랙체리, 솔티드카라멜의 쌉쌀하고 단 맛이 일품이며 뒷 여운이 깔끔해요.",['웨웨테낭고']
3903,러스트 블렌딩,"실키한 바디감과 단맛을 가진 브라질과 묵직한 바디감과 고소한 단맛, 긴 여운을 가진 베트남 커피가 어우러져 우유와의 캐미가 아주 좋은 원두입니다.","['브라질', '베트남']"
3507,L1,"단맛과 다양한 향, 기분좋은 산미가 가득한 블렌드 입니다. 과하지않은 산미가 부담을 줄여주고 식을수록 나타나는 바디감이 매력적인 커피입니다.","['에티오피아', '코스타리카']"
1002,호이스트,"커피가 가지고 있는 본연의 풍미를 최대한 살리기 위해 미디엄 로스팅 했습니다. 잘 익은 과일의 다채롭고 산뜻한 풍미, 시럽과 같은 촉감을 가진 깨끗한 커피입니다.","['온두라스', '에티오피아', '에티오피아']"
19,필베러,"자두, 복숭아에서 느껴지는 달콤한 산미와 갈색설탕 단맛으로 밸런스가 굉장히 좋은, 베러로스팅랩의 인기 블렌드입니다. 블렌드명처럼 드셔보시면 기분이 좋아질 것 입니다.","['에티오피아', '콜롬비아', '브라질']"
4695,에티오피아 블렌드,"은은한 꽃 향과 과일의 향미가 느껴지는 우아한 커피
산미있는 커피를 찾으시는 손님을 위한 원두
아메리카노용 원두","['에티오피아', '과테말라', '콜롬비아']"
1342,F 블렌드,"단맛과 풍미에 중점을 둔 중강배전의 블렌딩 원두입니다. 견과류의 고소함과 캐러멜, 사탕, 다크초콜릿의 단맛, 후미의 쌉싸름함까지 복합적인 단맛을 가진 것이 특징입니다.","['브라질', '콜롬비아']"
11,엘 카미노,"길을 잃고 헤매이는 이들에게 표지판이 되고 싶은 피어의 바램을 담은 커피입니다. 첫모금에 느껴지는 달콤한 초콜릿의 풍미와 후미에 남는 은은한 견과류의 고소함, 클린 한 질감을 가지고 있는 미디엄 다크 로스팅 타입의 커피입니다. 호불호가 비교적 적고, 모두가 편안하게 즐길 수 있는 맛을 지향하고 있습니다.","['브라질', '콜롬비아', '과테말라']"
1048,레이크 맥켄지,열대과일을 연상시키는 복합적인 산미와 깨끗하고 부드러운 사탕수수의 단맛,"['에티오피아', '과테말라']"
4443,콜롬비아 수프리모 후일라 산 비센테 라 플라타,"콜롬비아 후일라 산 비센테 라 플라타는 레지오날 플루소르 등급 (85점 이상, 수분율 10~11% 사이)의 마이크로랏 스페셜티입니다.
콜롬비아 커피의 특징인 고소함과 단맛을 적절히 받쳐주는 산미가 적절하게 균형을 갖추고 있으며, 콤롬비아 스페셜티의 전형적인 느낌을 갖추고 있습니다. 옅은 산미가 들어있는 균형감있는 커피를 선호하시는 분께 추천드립니다.
컵노트 : 흑설탕, 자두, 살구, 바닐라",['후일라']
3390,더블 캐스트,"오렌지의 기분 좋은 산미와 부드러운 단맛, 달콤한 꿀의 향기가 느껴져요.","['에티오피아', '에티오피아']"
1470,케냐 AA 워시드,자몽과 라임 그리고 토마토의 향미가 조화롭게 어울려 상큼하고 부드러운 커피입니다. 밸런스가 좋으며 매우 깔끔합니다.,['케냐']
3345,옐로우렄블렌드,"컵노트 : 곡물의 고소함, 쌀과자, 강냉이

산미가 없고 탄맛 쓴맛 없이 고소한 맛이 특징이며,
누구나 드시기에 부담이 없습니다.","['브라질', '인도']"
3506,M1,좋은 생두가 가진 좋은맛을 충분히 표현하고자 과하지않게 로스팅하고 조화롭게 블렌딩한 커피입니다. 다크하진 않지만 입안을 채우는 충분한 바디감과 에티오피아 생두의 단향은 맛을 더욱 풍부하게 합니다.,"['콜롬비아', '브라질', '에티오피아']"
3525,핸디엄 밸런스 원두 스윗 5kg,"- 주문 일자 기준 익일 로스팅 진행하여 출고 드립니다 5일 이상 디개싱 과정 진행 후 사용하시면 더욱 맛있게 드실 수 있습니다.
- 10년 간의 데이터 분석을 통해 검증된 3가지 밸런스 포인트를 살린 블렌드 원두입니다.
- 신선한 생두의 달콤한 맛에 집중하는 스윗 블렌드
- 케냐 원두 특유의 단맛이 인상적인 블렌드로 아이스 아메리카노에 최적이에요!
- 쉬운 세팅법으로 유지하는 편차 없는 맛과 향","['케냐', '과테말라']"
5,매뉴얼,"아메리카노, 라떼 모두 잘 어울리는 블렌딩입니다. 부드럽고 은은하게 올라오는 산미와 밀크 초콜릿, 그리고 고소함을 입안에 풍부하게 안겨줍니다.","['브라질', '에티오피아', '인도', '과테말라']"
3218,Campfire (캠프파이어),"견과류의 고소함과 후미에 남는 초콜릿한 느낌
큰사이즈 컵이나 묵직한 커피를 찾는분들께 추천","['브라질', '인도']"
3605,폴라베어 블랜딩,"새콤 달콤한 원두로
쥬시하면서도 단맛 바디가 풍부한
커피볶는곰의 산뜻함을 담당하는
라이트 배전 원두 입니다.",['문타샤']
1494,피치 슬럽 블렌드,핵과류의 산미와 과일의 단 맛이 나는 커피 입니다.,"['에티오피아', '콜롬비아']"
1066,나폴리,볶은 아몬드의 고소함과 신선한 과일의 산미가 느껴져요.,"['에티오피아', '브라질', '콜롬비아']"
3429,데일리 스윗 플러스,"깊이 있는 단맛이 인상적인 중남미와 아프리카 생두가 조화롭게 어우러진 하우스 블렌드 입니다.
편안한 커피에 초점을 두고 미디엄 로스팅을 진행하여 매일 마셔도 기분 좋은 달콤함을 담아냈습니다.","['콜롬비아', '에티오피아']"
4445,ETNA(에트나),"볶은 견과류의 고소한 단맛과 부드럽고 차분한 상큼함은 물론,
은은하게 느껴지는 헤이즐넛의 풍미를 가득 담은 커피입니다.

아메리카노에서는 특유의 깊고 진한 풍미를 보여주며,
묵직하면서도 부드러운 질감에 깨끗하게 떨어지는 피니쉬가 특징인 에스프레소 블렌드입니다.","['콜롬비아', '에티오피아', '브라질']"
4683,아프로디테 블렌딩,"라 메르 판지의 첫번째 시그니처 블렌드로 베리류의 화사함과 건과일을 먹는 듯한 단맛은 물론 깔끔한 텍스처로 즐거운 여운을 선사합니다.

★컵노트 : 달콤함, 베리류, 복숭아, 카라멜

※핸드드립 등 브루잉 기구를 사용하는 것을 추천 드리며 에스프레소 및 모카포트로 드셔도 좋습니다.","['에티오피아', '에티오피아', '과테말라']"
103,공단향 블렌드,"“502커피로스터스는 2009년 가산디지털단지에서 시작되었습니다”
지금은 IT산업의 메카인 가산디지털단지, 구로디지털단지가 ‘구로공단’으로 명명되던 힘든 시절이 있었습니다. 구로공단은 노동집약적 섬유, 봉제업체가 주를 이룬 국가 주도 하의 수출산업단지였습니다.
근로자들은 시골에서 상경한 젊은이들로 가난에 밀려 서둘러 가장이 된 우리의 어린 누이와 형들이 대부분이었습니다. 따뜻한 엄마 밥과 어린 동생들을 총총 그리워함이나 종일토록 일한 뒤 고단함은 발칙했던, 그들은 산업역군이었습니다. 그때나 지금이나 너머의 희망이 푸릇푸릇 자라는 젊은 청춘이었습니다.
모든 근로자를 응원하는 마음으로 기획된 502커피로스터스의 ‘공단향’ 블렌드.
카카오의 풍미와 진한 단맛, 강배전에서 느껴지는 화사한 매력의 공단향은 기분좋은 쓴맛과 지난 시절의 그리움같은 긴 여운을 줍니다.","['콜롬비아', '에티오피아', '케냐']"
4876,알토 블렌드,"스모키하고 다크한 초콜릿과 아몬드
묵직한 바디감을 지닌 블렌드","['브라질', '콜롬비아', '인도']"
3587,디카페인 어텀 블렌드,"CUSP의 자신있는 중남미 디카페인 블랜딩 커피로서,
디카페인 특유의 향과 맛을 최대한 배제 하였으며, 갓 구운 군밤의 향기와 고소함 속에 카라멜과 카카오의 달콤함이 깃든 커피로, 누구나 마시기 좋은 균형잡힌 커피입니다.
한국인 입맛에 익숙한 고소하고 달달한 캐릭터로 라틴커피의 균형잡힌 맛을 선사합니다.
고소한 느낌의 디카페인 커피를 원하시는 고객분들에게 세팅하시기 좋은 커피입니다.","['브라질', '콜롬비아', '과테말라']"
4717,"DEEP, DEEPLY 딥 딥플리","다크 초콜렛의 단맛에 더불어 은은한 사과,오렌지 산미로 매일 마셔도 부담없는 커피입니다.",['s']
1088,콜롬비아 E.A 디카페인,"디카페인 특유의 향이 많이 나지 않고, 고소하고 부드러운 군고구마 뉘앙스의 커피입니다.",['카우카']
4772,코스타리카 핀카 마초 워시드,"잘 익은 사과의 상큼함과 복숭아나 살구의 향이 은은하게 퍼지고, 설탕을 입힌 바닐라의 풍미가 입안을 채웁니다.",['타라수']
4407,디카페인 스윗 블라썸 블렌드,"달콤하고 향긋한 아로마가 온 몸을 휘감으며
행복한 단잠에 들 것 같은 디카페인 커피입니다.","['과테말라', '에티오피아']"
3153,밀밭,"시트러스 과일의 맛과 말린 대추의 달달함, 부드럽고 크리미한 질감.
깔끔한 뒷맛의 여운을 남게 합니다.","['운남', '에티오피아', '콜롬비아', '케냐']"
4614,콜롬비아 디카페인,"Tasting note
밀크초콜릿, 카라멜, 헤이즐넛, 부드러운 산미
Hebe's comment
디카페인커피 하면 '맛 없는 커피'라고 떠오르실 수 있지만 '헤베 콜롬비아 디카페인'은 다릅니다. 그래서 다양한 디카페인 생두를 샘플링 하고 테스트 해보았어요. 많은 샘플군 중에 가장 맛있는 디카페인 커피를 찾았습니다! ﻿카페인이 97%이상 제거된 커피이지만, 우리가 커피에서 바라는 맛들은 지켜냈습니다.
에틸아세테이트(EA,Ethyl Acetate) 프로세싱은 무엇인가요?
EA 프로세싱은 사탕수수에서 추출한 천연 에틸아세테이트 용액을 사용하여 카페인을 추출한 커피인데요, 콜롬비아에서는 원자재인 사탕수수를 쉽게 구할 수 있는 나라이기에 커피 산업의 재료로서 사용되는 것은 매우 합리적이며, 경제적인 일이라고 합니다.😊",['카르타고']
72,Blend N.4,"구운 너트류의 고소함과 깊은 바디감을 가진 커피.
다크초코렛의 후미까지 느낄 수 있는 단맛 중심의 블렌드 입니다.","['브라질', '과테말라', '인도']"
3763,시다모 파피초 내추럴,트로피칼 과일향에 고급스러운 장미 향이 매우 인상적이면서도 완벽한 밸러스를 보여줍니다.,"['봄비', '시다모']"
3930,시티섬머블루스 시즈널블랜드,"[시즈널블랜드]
매년 좋은 품질을 위한 그리고 변하지 않는 제품의 컵노트를 위해 특별히 선정되어 생산되는 제품입니다.

시티섬머블루스 시즈널블랜드는 새콤달콤한 복숭아와 자두, 부드러운 딸기우유의 플레이버와 함께 바닐라의 풍부한 단맛을 선명하게 표현하는 커피입니다.","['에티오피아', '과테말라']"
3606,테디베어 블랜드,"고소 달달 한
커피볶는곰의 메인 블랜드 원두로
깔끔한 아메이카노와 달짝한 라떼에 빠져 보세요.",['부산제']
1471,블렌드 신월,고소하며 묵직한 바디감이 좋습니다. 흑설탕같은 단맛도 좋아요.,"['브라질', '에티오피아', '인도']"
3921,아몰렌떼 디카페인 원두 커피,"🥤 카페인 99.9%(0.00mg) 제거
- 믿을수 있는 화이트 세스코에서 검증

🥤 초콜릿, 견과류의 고소한 뉘앙스

🥤 은은히 뒤에서 올라오는 깔끔한 산미

네X버, 쿠X 플랫폼의 리뷰가 보증하는 제품!!",['우에우에테낭고주']
3450,에티오피아 예가체프 할로베리티 G1 워시드,"플로럴, 오렌지와 핵과류의 산미, 황설탕의 단맛
화사하고 은은한 단맛 그리고 부드러운 촉감이 특징인 에티오피아 커피",['예가체프']
4041,꼬소한쌀밥 블렌딩,"꼬소한 쌀밥은 원더월의 시그니쳐 납품 블렌딩 고소한 쌀밥의 강배전 버젼입니다.
고소한 쌀밥이 때로는 부드럽게, 때로는 강하게, 다양한 추출환경에서 여러가지 맛을 표현한다면
꼬소한 쌀밥은 어떤 환경에서도 비슷한 맛을 유지하며 높은 쓴맛속 진한 단맛과 무겁지만 깔끔한 개성을 가지고 있습니다.
누구와 마셔도, 어떤 상황에서 마셔도 호불호 없이 스며드는 대중성이라는 원더월의 가치를 가장 잘 표현하는 커피입니다.","['브라질', '엘살바도르']"
3565,아로마,"와인과 건과일의 풍부
화사함이 담긴 블렌드","['에티오피아', '브라질']"
117,위WE,"과테말라와 에티오피아 커피를 블렌딩한 이 커피는 나무사이로 하루스 블렌드 1호 입니다. 초창기에는 과테말라 안티구아와 에티오피아 이르가체프의 조합으로 나무사이로의 '나무'를 따서 나무커피라 불렀고, 지금은 과테말라 우에우에테낭고 와이칸과 에티오피아 달고단 워시드 커피를 블렌딩하여 와이칸(Wakan)과 에티오피아(Ethiopia)의 앞자리를 딴 WE로 다시 이름지었습니다.
과테말라의 고소함과 에티오피아 워시드의 향기로움을 적절히 배합하여 복숭아의 향긋함과 부드러운 감촉이 특징으로, 우리가 오랫동안 좋아해온 향미를 지니고 있습니다.","['과테말라', '에티오피아']"
1735,에티오피아 하루수케,"Cup Note
자스민, 열대과일, 살구, 초콜렛, 밀크 캬라멜","['하루', '예가체프', '게디요']"
4818,뛰뛰빵빵,"올디스트커피를 대표하는 블렌드로써
볶은 아몬드의 풍미와 잘익은 곡물에서 느낄 수 있는 단맛이 매력적이며
밸런스가 잘 잡혀 있는 커피 입니다.","['브라질', '에티오피아']"
4603,디카페인 에티오피아,"에티오피아 디카페인의 경우 미디움다크 로스팅으로
청포도,그린티,카라멜 등의 맛을 구현하였습니다.
에티오피아 원두 특성답게 산미와 베리맛과 고소함에 구현된 원두입니다.",['짐마']
3524,핸디엄 밸런스 원두 다크 5kg,"- 주문 일자 기준 익일 로스팅 진행하여 출고 드립니다 5일 이상 디개싱 과정 진행 후 사용하시면 더욱 맛있게 드실 수 있습니다.
- 10년 간의 데이터 분석을 통해 검증된 3가지 밸런스 포인트를 살린 블렌드 원두입니다.
- 한국인이 선호하는 고소한 풍미의 다크 블렌드
- 특유의 구수한 맛으로 유제품과도 조화롭게 어울리는 블렌드로 점심 손님이 많은 매장에 추천해요!
- 쉬운 세팅법으로 유지하는 편차 없는 맛과 향","['브라질', '과테말라', '콜롬비아']"
1292,데일리뷰티 블렌드,은은하게 퍼지는 산미와 초콜릿의 단맛이 느껴져요,"['콜롬비아', '에티오피아', '인도']"
1084,에티오피아 G2 시다모 SW 디카프,다크초콜릿 같은 달콤쌉싸름한 맛에 오렌지과 산미가 은은하게 개성을 더합니다.,['시다모']
3010,웡카 블렌드,"견과류의 고소한 맛과 다크 초콜릿의 묵직한 단맛이 특징이며
향미가 풍부하고 여운이 길게 남는 커피","['에티오피아', '인도', '브라질']"
3006,커피가이 블렌드,"구운 아몬드, 갈색설탕, 쇼콜라, 묵직한 바디","['과테말라', '과테말라', '브라질']"
3898,세피아 블렌딩,신맛이 적고 달콤한 초콜릿의 향과 함께 묵직한 바디감이 특징입니다.,"['브라질', '인도']"
3043,레드베릴 블렌드,"과실 주스 같은 첫 모금과 함께 밝은 견과류의 고소함이 좋습니다.
카라멜 같은 단맛이 잘 느껴집니다.","['에티오피아', '에티오피아']"
3393,리허설,다크초콜릿의 쌉쌀함과 잘 익은 과일의 단맛의 여운이 있는 밸런스가 좋은 블렌드입니다.,"['과테말라', '브라질', '에티오피아']"
4014,과테말라 와이칸 워시드,"바닐라, 베리, 오렌지, 밀크초콜릿의 향미가 조화로워
편하게 내려마시기 좋은 커피입니다.",['우에우에테낭고주']
51,비터스윗 라이프 에디션1,"커피몽타주의 첫번째 에스프레소 블렌딩, 'A Bittersweet Life'

이름에서처럼 쓴맛과 단맛의 조화가 매력적인 블렌딩입니다. 인도와 콜롬비아, 아프리카 생두의 맛을 조화시켜 에스프레소의 풍부한 바디감, 달콤함, 그리고 쌉쌀하면서 달콤한 Aftertaste를 맛보실 수 있습니다. 특히, 우유가 들어간 Variation 음료에 강점이 있는 블렌딩입니다.","['인도', '에티오피아', '코스타리카']"
1736,브라질 I.P 아카이아 내추럴,"Cup Note
- 살구, 캐슈넛, 오렌지, 캬라멜",['미나스']
3070,람블라 블렌딩,"스페셜티 커피를 만들기 위해 블렌딩한 원두입니다. 웨이즈커피 쇼룸에서 사용 하고 있는 원두로 초콜릿의 단 맛, 견과류의 고소함, 꽃향이 훌륭하여 퀄리티 높은 맛의 블렌딩을 원하시는 분들께 추천드립니다.
(사용량에 따라 가격은 상이하니 연락 주시기 바랍니다.)","['콜롬비아', '과테말라', '브라질']"
105,램블 블렌드,"브루잉으로 드시면 차(Tea)를 연상케 하는 깨끗함을, 에스프레소 추출을 통해 즐기시면 커피 본연의 상큼하고 달콤함을 즐기실 수 있습니다.
커피 본연의 과일의 향미, 밝은 산미와 깨끗한 단맛을 느낄수 있는 502커피로스터스의 시그니처 블렌드!","['에티오피아', '에티오피아']"
3553,핀카 엘피날 린다 비스타 게이샤,"잘 익어 더욱 맛있는 과일의 산미, 달콤한 후미와 깨끗하면서도 산뜻함은 그야말로, 독보적입니다.",['할라파']
4330,오아시스 블렌드,"degree 대표 블렌드, 스페셜티커피 등급의 생두를 이용해서
데일리커피를 지향하며 만든 블렌드.
아메리카노 뿐만 아니라 라떼가 정말 맛있습니다.","['콜롬비아', '과테말라', '에티오피아']"
1207,피크 블렌드,처음부터 끝까지 편안하게 마실 수 있어요.,"['에티오피아', '과테말라', '브라질', '콜롬비아']"
3839,시그니처블렌드 S,"[Special Blending][중강배전+]

달콤하고 고소한맛과 감칠맛 정도의 은은한 베리향을 가진 산미는
커피의 균형감을 더해줍니다.

메인블렌드보다 2대이상의 그라인더 운용시
서브블렌드로 운영하시길 권장드립니다.","['에티오피아', '콜롬비아', '과테말라', '인도']"
4839,브라질 파젠다 산타루시아 펄프드내추럴,"구운견과류와 다크체리, 초콜릿의 향미",['파젠다']
13,보이져,무르익은 과일의 산미가 달콤해요. 풍부한 꽃향이 매력적인 스티머스의 시그니처 블렌드입니다.,"['온두라스', '에티오피아', '에티오피아']"
4016,코스타리카 라 몬타나 데 라 쿰브레 화이트허니,"체리, 오렌지, 마카다미아, 초콜릿 향미의 커피",['코스타리카']
82,과테말라 웨웨테낭고 SHB 디카페인,군고구마의 달콤함을 닮은 깨끗한 맛의 디카페인 커피입니다,['웨웨테낭고']
4877,구스토 블렌드,"상큼한 과일의 기분 좋은 산미와
화려한 꽃향이 우아하게 느껴지는
뛰어난 풍미를 지닌 블렌드","['에티오피아', '케냐']"
3392,아이에스오 백,"다크초콜릿,카라멜의 묵직하면서도 긴 여운이 느껴지는 블렌드 입니다.","['케냐', '콜롬비아']"
4484,데일리 블루,"구운 견과류의 맛, 그 속에 숨어 있는
가벼운 느낌의 산미와 밀크 초콜릿의 풍미를 가진 커피

누구나 어디서나 호불호 없는
플레이버에 초점을 맞춘 블렌딩으로
일상에서 편안하게 즐기기 좋은 원두입니다.","['에티오피아', '코스타', '콜롬비아', '브라질', '인도']"
1714,브라질 옐로우버번 MWP 디카페인원두,"디카페인 특유의 향미가 다른 공정에 비하면 조금 낮은 편이고 개성이 잘 살아나는 커피입니다.
로스팅 정도는 꽤나 높인 편이지만 산미가 은은하게 발현되는 편이며 생오렌지, 오렌지껍질, 말린 오렌지 뉘앙스를 살짝 가지며 디카페인치곤 쓴맛이 어느정도 있는 편이라서 매번 느끼는 디카페인 커피 특유의 심심함이 적은 편이며 고소한 옥수수의 맛이 잘 표현되었습니다.
디카페인 커피는 일반적으로 후미 (aftertaste) 라고 하는 뒷맛이 매우 짧고 간결한 편인데 반해 향적인 면에서 꽤 긴편이고, 추출이 잘되면 초콜렛 우유, 밀크초콜렛을 먹는 듯한 단맛을 잘 느낄 수 있는 맛있는 디카페인 커피입니다.",['브라질']
2,나탈리,"잘 익은 딸기를 베어 문듯한 단맛과 적당한 산미의 조화를 이루는 와인의 풍미를 느낄 수 있어요.

블렌딩에 최적화된 좋은 생두를 선별하고, 일관성 있고 논리적인 로스팅을 추구합니다. 결점두를 직접 선별하여 패키징 하는 등 최상의 품질을 위해 노력합니다.","['파푸아뉴기니', '브라질', '코스타리카']"
3160,라까프 핀 블렌드,헤이즐넛의 향미와 카카오의 달콤 쌉싸름한 맛이 느껴지는 시럽같은 질감이 좋은 베트남 핀 커피용 블렌드입니다. 에스프레소로 드시면 더욱 훌륭한 질감을 느끼실 수 있습니다.,"['푸꾸옥', '단', '허니']"
4665,댐 굳 블렌드,"놈코어의 댐굳 블렌드는 '정말 좋은 밀크 커피'를 위해 만들어진 다크 로스트 커피입니다.
이 커피는 다크 초콜릿, 바닐라, 건자두의 향미가 돋보이는 묵직함과 달콤함이 풍부한 커피입니다.
밀크 커피, 묵직한 아메리카노와 잘 어울립니다.","['브라질', '에티오피아', '인도']"
4840,과테말라 산로렌조 엘쿠로 블랙허니,"건포도,건자두,와인,다크초콜릿의 향미",['안티구아']
3008,콜롬비아 후일라 수프리모,"은은한 산미와 볶은 견과류의 고소한 느낌,밀크 초콜렛 같은 단맛이 조화롭습니다.
묵직한 바디감과 밸런스가 좋은 커피 입니다.",['후일라']
249,알렉세이션,"은은한 향미와 최대한의 단맛이 끌어올려진 에티오피아 원두와 아몬드계열의 고소함,묵직한 바디,깨끗함을 느낄수 있는 과테말라 원두가 조화롭게 섞인 균형감 있는 커피입니다.","['에티오피아', '과테말라']"
3041,스칼렛,"화사하고 달콤한 다크 로스팅 된 에티오피아 G1 싱글 오리진 내추럴
에티오피아의 화려한 향은 유지한 채, 커피 본연의 초콜리티한 풍미를 더한 커피 입니다.
산미가 적어 누구나 편하게 즐길 수 있고, 라떼에도 전혀 밀리지 않는 커피 입니다.
11월 10일 기준
Etiopia Sidama Bensa G1 Natural 100%",['시다마']
226,디카페인 블렌드,"마운틴 워터 프로세스 과정을 통해 카페인을 제거하였으나, 맛과 향미는 더욱 풍부한 웨이브온만의 디카페인 커피입니다. 미디엄 바디에 부드러운 질감, 아몬드와 같은 견과류의 고소함과 브라운슈가의 단맛이 매력적인 디카페인 커피입니다.","['과테말라', '에티오피아']"
3583,스프링 블렌드,"겨울이 끝나고, 드디어 찾아온 따뜻하고 기분 좋은 봄바람을 타고 코속을 간지리는 기분 좋은 꽃 향과 같은 블렌드 커피라고 자부할 수 있는 향긋한 커피입니다.
청포도의 산뜻한 향과 입안에서 달콤하게 느껴지는 꿀의 단맛과 함께 사과의 기분 좋은 산미로, 이름 그대로 봄이 생각나는 향긋한 산미의 커피입니다.
산미있는 커피를 추구하는 커피이거나, 고소한 커피와 함께 세팅하기를 추천드리는 기분 좋은 산미의 블렌드 커피입니다.","['에티오피아', '콜롬비아', '코스타리카']"
4699,마일드 블렌딩,"마일드 블렌딩을 제일 잘 설명할 수 있는 단어는 밸런스 입니다.
적절한 커피의 향미

#밸러스, #달콤, #고소함, #쌉쌀함","['브라질', '콜롬비아', '탄자니아']"
1702,케냐 키린야가 캄완기 AA TOP,오렌지와 자몽향이 풍부하고 달콤합니다.,['키린야가']
3404,릴렉스 블렌드,"포도와 초콜릿의 맛이 입 안을 채우고, 다 마시고 나면 입 안에 비스킷같은 고소함이 남습니다. 누가 마셔도 편안하고 즐길 수 있는 블렌드입니다.","['산타이네', '후일라', '코스타리카']"
4306,시즈널 블렌드 '여름',"즈널 블렌드 ‘여름’은 무더운 여름과 잘 어울리는

형형색색의 과일을 모아놓은 과일바구니 같은 향미를 연상시킵니다.

특히, 케냐 커피의 복합성 있는 산미와

콜롬비아 핑크 버번 품종의 섬세하고 풍성한 과일 향미로

아이스 커피에서도 풍부한 향미를 경험하실 수 있습니다.","['케냐', '콜롬비아']"
4778,케냐 뚱구리 피베리,레몬그라스와 히비스커스 같은 허브느낌의 늬앙스가 잘 표현된 커피입니다.,['키린야가']
4122,고소한 빈도,"훌륭한 밸런스, 극한의 고소함
초콜릿의 단맛과 견과류의 고소함, 밸런스가 극강의 조화를 이루는 고소한 빈도 입니다. 에스프레소 샷 음료와 라떼 음료 모두 다 잘 어울립니다.","['브라질', '코스타리카', '르완다']"
228,오드아이,"흑설탕같은 진한 단맛이 특징입니다. 라떼 베리에이션에서 특히 독보적인 존재감을 드러냅니다.
그럼블만의 약배전과 강배전의 조합으로 맛을 완성한 새로운 형태의 블렌딩입니다.","['에티오피아', '온두라스', '에티오피아', '에티오피아']"
1093,피어투피어,"가족과 친구에게 건네 듯, 한 잔의 ‘차’와 같은 블렌딩입니다.
시트러스 한 과일 계열의 산미와 산미를 잘 받춰주는 단맛의 균형이 조화롭습니다. 부드럽고 편안하여 좋은 밸런스를 느낄 수 있는 데일리 커피 블렌딩입니다.","['에티오피아', '과테말라', '케냐', '코스타리카']"
280,극야 블렌드,"매일 즐기기 좋은 커피. 강한 쓴맛과 탄내가 없는 다크 로스팅 커피입니다. 다크 초콜릿, 구운 견과류와 무거운 바디감을 가진 커피입니다.","['브라질', '에티오피아', '과테말라']"
3142,마젠타 블렌드,한라봉주스를 마시는 달달한 쥬시함,"['에티오피아', '콜롬비아']"
1708,브라우니 블렌드,"흑설탕과 같은 단맛, 호두 정과 같은 견과류의 고소함과 구수한 씨리얼의 향이 더해져 긴 여운이 인상적인 블렌드입니다
* 이일용 로스터의 한마디 *
산미가 없고 고소한 원두를 찾지만 향이 단조로운게 아니라 복합적이고 풍성한 향미를 찾으시는 분들께 강력 추천합니다. 저희도 매장 네 곳에서 사용하고 있고 반응이 좋습니다. 제가 자신있게 추천드립니다.","['브라질', '과테말라', '아타코']"
3356,초코블라썸 블랜드,"자두, 블루베리와 같은 과일의 산미, 그리고 달콤한 모카.
과일의 단맛으로 가득찬 에티오피아 블랜드 입니다","['에티오피아', '에티오피아']"
4010,콜롬비아 엘 오브라헤 게이샤 무산소발효 내추럴,밝고 경쾌한 베리류의 향미와 단맛이 기분좋게 남는 커피,['나리뇨']
4052,프렌들리 블렌드,"프렌들리 블렌딩
친숙하면도 특별한 커피를 만들기 위해 탄생한 블렌딩입니다.
달고나, 브라운 슈가와 같은 짙은 단 맛과 크리미한 바디감
넛츠, 옥수수의 고소함 사이 향긋한 오렌지 필이 커피를 마시는 동안
입을 즐겁게 해줍니다.
저렴한 베트남 로부스타를 사용하기 보다.
질 좋고 깔끔한 견과류, 옥수수의 맛이 뚜렷합니다.
스페셜티 커피가 가진 다채로운 맛을 보여줄 순 없지만
블렌딩으로 만든 두렷한 프렌들리한 맛에 집중하여 커피를 즐겨보시길 바랍니다 !","['브라질', '콜롬비아', '베트남']"
4408,디카페인 시그니처 다크 블렌드,다크초콜릿의 스모키한 여운이 깊은 시크 디카페인 커피,"['브라질', '콜롬비아', '에티오피아', '인도']"
4524,콜롬비아 파라이소92 핑크버본,선명한 패션후르츠와 꽃향기를 복합적으로 느낄 수 있는 이중 무산소가공된 스페셜티 커피입니다.,"['피엔다', '카우카']"
4220,캄블렌드,"[캄블렌드]
묵직하게 잔잔하게
묵직한 바디감과 고소함 길게 이어지는 카카오, 캬라멜의 단맛
풍부한 넛티, 카카오닢스의 고소함
쓰지 않고 깔끔하게 만든 블렌딩
이수팩토리의 대표 블렌딩!","['브라질', '과테말라', '에티오피아', '인도']"
1300,브라운 블렌딩 커피,산미가 거의 없는 진한 다크초콜릿 음료같아요. 풍부한 바다김과 적당한 쌉쌀함이 잘 어울려요.,"['콜롬비아', '브라질', '과테말라']"
3016,짙은 블렌드,"구운 견과류의 고소함, 초콜릿의 쌉쌀한 단맛, 은은하게 느껴지는 산미
소소한사치 대표 블렌드입니다.","['브라질', '과테말라', '콜롬비아']"
3486,엘 살바도르 라 시베리아 레드버번 워시드,피칸같은 볶은 견과의 고소함과 달달한 감귤 혹은 동양배같은 산미와 단맛의 밸런스가 좋은 커피입니다.,['산타아나']
272,아이스브레이커,"센터커피의 시그니처 블렌드이며 스페셜티 커피의 맛과 향을 최대한 살린 블렌드 입니다.
스페셜티 전문 카페 및 납품처에 적합합니다.
첫 모금에서 사과, 흑설탕의 플레이버가 느껴지며, 두 번째 모금에서 마카다미아의 고소함과 더불어 자두의 플레이버가 느껴집니다. 바닐라 같은 단맛의 여운이 길게 느껴지며 밸런스가 좋습니다.","['콜롬비아', '브라질']"
3892,케냐 AA TOP 오타야 칭가 퀸,"짙은 와인향, 농익은 과일의 맛
다크초콜릿의 묵직한 바디감, 달고나의 달달함

뜨거울 때는 와인향의 산미가, 식을수록 묵직한 바디감과 고소함이 좋은 원두입니다. 여러 커피 중 뭘 고를지 고민된다면 케냐 커피를 선택해 보세요.",['니에리']
4750,뉴월드 블렌드,뉴월드는 견과류의 고소함과 다크 초콜릿의 단맛에 기분 좋은 산미를 살짝 더한 풍부한 맛을 가진 블랜딩입니다. 누구나 편하게 마시기 좋은 데일리 커피로 추천합니다.,['s']
3395,커먼센스 블렌드,"볶은 땅콩과 아몬드 같은 견과류의 깊은 고소함이 특징입니다.
단순히 마시기 편한 커피를 넘어 카카오와 카라멜의 풍미를 지니고 있으며 입안 가득 채워지는 고소한 풍미가 인상적입니다.
고소하고 산미가 없는 커피를 찾으시는 분들에게 추천합니다.
* 이일용 로스터의 한마디 *
막연히 커피를 떠올리면 생각나는 맛이 있습니다. 커피가 무조건 전문가로부터 좋은 평가를 받고 비싸야 맛있는게 아니라 익숙한게 맛있는 것이라고 생각합니다. 그 익숙함을 생각하고 재현해봤습니다. 누가 먹더라도 느낄 수 있는 그 커피 맛을 말이죠.","['브라질', '과테말라', '인도']"
4694,스윗탱고,"바디감 있으며 호불호가 없는 커피
아메리카노와 라떼 모두 잘어울리는 원두","['브라질', '과테말라']"
173,CLASSIC BLEND,"클래식 블렌드는 황설탕의 단맛, 초콜릿 향미, 카카오 닙스같은 쌉싸름함에 은은한 산미까지 느낄 수 있는 커피입니다. 대중적인 취향에 맞춘 부드러운 단맛 베이스의 커피입니다.","['과테말라', '에티오피아']"
3017,소소하게 블렌드,"브라질의 고소함과 베트남의 구수함
쓴맛을 최소화하기 위해 강하게 로스팅하지 않았습니다.
(Midium Roasting 미디움 로스팅)

Ice기준 16~20oz까지 커버되는 수율이 높은 원두
(라떼에 강력 추천합니다.)","['브라질', '베트남']"
119,다크우드,다크우드 블렌드는 첼로 선율처럼 묵직하면서도 매끄럽고 오랫동안 입안을 맴도는 여운이 있는 커피 입니다. 농밀한 단맛이 특징입니다.,"['과테말라', '에티오피아']"
167,블렌드 B,"풍성한 과일의 산미와, 매우 부드러운 바디감을 느낄 수 있습니다.
산미를 선호 하시는 분들께 추천 드립니다.","['에티오피아', '에티오피아']"
4674,오렌지 슈가 블렌드,"오렌지 슈가 블렌드는 단맛과 함께 과일의 향미가 표현되도록 만들어진 미디엄 로스트 블렌드입니다. 오렌지, 살구, 베리류의 생생한 과일 풍미가 맛있을 뿐만 아니라 코코넛 설탕과 같은 단맛이 오래 지속됩니다. 시트러스의 향미가 돋보이며 아메리카노 등의 블랙 커피와 잘 어울립니다.","['브라질', '에티오피아', '에티오피아']"
4689,킵고잉 블렌드,"다크 초콜릿과 견과류의 고소한맛을 가지고 있는 가성비 커피.

샘플 주문 시 아메리카노 캔 같이 보내드립니다.","['브라질', '콜롬비아', '인도']"
3897,케냐AA 디카페인,"카카오닙스와 같은 부드러운 단맛
식을수록 강해지는 토마토의 풍미

밸런스를 잡아주는 은은한 산미와 꽉 찬 바디감
중강배전으로 로스팅하여 케냐 특유의 향과 바디감은 살리고
디카페인의 부정적인 맛은 없앴습니다.",['니에리']
276,디어 베이커,"베이커리의 따뜻함과 어울리는 낭만적인 향미, 견과류의 고소함으로 시작해 산뜻한 향으로 끝맺는 베이커리 커피 입니다.","['브라질', '과테말라', '에티오피아']"
3963,컨트리사이드 디카페인 싱글오리진,"카페인에 민감한 분들도 맛있게 즐길 수 있는
디카페인 커피입니다.
사탕수수의 풍부한 단맛과 다크초콜릿 같은 묵직한 바디감,
부담스럽지 않은 은은한 감귤의 산미를 느끼실 수 있습니다.",['후일라']
3894,파푸아뉴기니 마라와카 블루마운틴,"과일향같은 밝은 산미, 풍부한 바디감
깔끔한 뒷맛, 부드러운 균형감

베테랑 원주민들이 엄선한 최고급 스페셜티 커피입니다.
단맛과 감칠맛이 좋은 블루마운틴을 즐겨보세요.",['마라와카']
118,숲,"숲 블렌드는 마치 숲에 들어온 듯한 느낌을 줍니다. 달고나의 달콤 쌈싸름한 맛, 레몬, 민트의 싱그러운 느낌이 조화를 이룹니다. 깊고 묵직하고 달콤하고 시원한 숲 속 공기를 상상해 보세요.","['에티오피아', '브라질']"
224,에티오피아 구지 우라가,"에티오피아 구지 우라가는 구지존의 우라가 지역의 커피로 내츄럴 가공되었습니다. 청포도와 감귤과 같은 산미가 매력적이며, 실키한 느낌의 바디감, 그리고 입안 가득 이어지는 아로마가 특징인 커피입니다.",['구지']
3444,블렌드 C,"고소한 견과류 느낌과, 부드럽고 섬세한 질감을 가지고 있는 원두 입니다.
적당한 산미의 조화로 균형잡힌 느낌을 받으실 수 있습니다.","['브라질', '에티오피아']"
1726,Blend Base,깊은 바디와 옥수수와 같은 고소함이 애프터까지 긴 여운으로 남는 다크로스팅 커피,"['브라질', '인도']"
3200,에티오피아 예가체프 G2,"- 화사한 산미와 화려한 풍미의 에티오피아 100% 커피
- 추천 : 핸드드립, 콜드브루, 싱글오리진에스프레소",['에티오피아']
4696,노블레스 블렌딩,"산뜻한 과일향, 화사한 꽃향, 자극적이지않은 산미와 어우러지는 달콤하고 깔끔한 클린컵의 커피 입니다.

# 플로럴, #과일향, #달콤, #클린","['에티오피아', '과테말라']"
1731,다크블루,"볶은 아몬드의 고소함과 은은한 단맛이 주를 이루며, 묵직한 바디감의 커피입니다.

- 다크초콜릿의 쌉쌀한 맛과 견과류의 고소한 맛과 단맛이 좋습니다.
- 라떼로 드실때 단맛이 더 풍부해집니다.
- 대중적인 입맛의 커피로 호불호가 적습니다.","['콜롬비아', '브라질', '인도']"
71,Blend N.3,"밀크초코렛의 노트가 인상적인 밸런스 커피.
은은한 산미, 초코렛의 단맛, 좋은 밸런스까지 모든면에서 손색없는 블렌드 입니다.","['콜롬비아', '과테말라']"
3241,클래식 골드 블렌드,"강볶음 특유의 초콜릿 향과 은은한 캬라멜 향이 좋은 커피입니다. 처음 접하더라도 부담스럽지 않은 향미를 보여 주며, 특히 우유를 희석한 음료 제조시 탁월한 향미를 제공합니다.","['브라질', '콜롬비아', '과테말라', '온두라스']"
3402,노 피어,"묵직한 바디와 다크초콜릿의 쌉싸름함, 뒤에 은은하게 남는 카카오닙스의 여운, 명확한 커피의 기준을 제시하고자 출시된 이탈리아 스타일의 다크 로스팅 커피입니다.","['브라질', '에티오피아', '인도']"
275,딥 스모키,"깊고 묵직한 쓴맛으로 시작해서 마지막 여운까지 강렬한 딥 라인업, 하이 레벨의 바디감으로 커피 분야의 버번 위스키","['브라질', '인도']"
1727,Blend Dark,깊은 바디와 초콜리티한 후미가 매력적인 다크로스팅 커피,"['브라질', '콜롬비아']"
1713,포트리스 블렌드,"농밀하고도 묵직한 맛이 인상적이며 구운견과의 늬앙스, 고소하고 쌉싸름한 다크초콜릿의 진득한 풍미가 처음부터 끝까지 유지되는 단순함이 특징입니다. 수원 화성 안을 거니는 휴식의 순간처럼 온전한 쉼의 기분을 선사하는 커피입니다.","['브라질', '콜롬비아']"
4682,포세이돈 블렌딩,"라 메르 판지를 대표하는 하우스 블렌드로 갓 구워 낸 견과류의 고소한 맛과 다크한 초콜릿의 여운을 가지며 풍부하고 밀도 높은 바디감은 물론, 깊은 단맛이 오랫동안 여운으로 남는 커피로, 남녀노소 누구나 즐길 수 있는 블렌드 입니다.

★컵노트 : 다크초콜릿, 구운사과, 카라멜

※에스프레소로 드시는 것을 권장하나, 브루잉 기구로도 좋은 맛을 낼 수 있습니다.","['브라질', '과테말라', '에티오피아']"
4455,BURUNDI ROYAL BEATS(부룬디 로얄 비츠),"풍부한 맛과 향이 특징인 로얄 비츠는
대추, 적포도, 은은한 꽃 향과 쥬시한 질감으로
커피를 마신 후에도 잘 익은 라즈베리 향이 입안에 오랫동안 남습니다.",['부룬디']
4785,페루 엘 세드로 마르셀 워시드,"아주 꺠끗한 느낌에 부담 없이 즐길 수 있는 고급스러운 맛이 좋은 커피.
아몬드/마카다미아 같은 고급스러운 단맛과 고소함을 가지고 있고 청사과의 산미가 어울어져 매력적인 커피입니다.",['카야마르카']
3899,카메오 블렌딩,"진한 다크초콜릿의 바디감과 긴 여운, 피칸의 부드러운 단맛이 특징입니다.","['브라질', '인도']"
3556,시그니처 블렌드,"다크 초콜릿의 풍미와 캐러멜의 달콜함, 핵과류 산미의 조화를 이루는 커피입니다.","['에티오피아', '코스타리카', '브라질']"
3069,디카페인 블렌딩,"디카페인 블렌딩 원두입니다. 99.9% 카페인이 제거되어 건강하며, 묵직한 바디감과 고소함, 캐러멜 향이 가득한 원두입니다.
(사용량에 따라 가격은 상이하니 연락 주시기 바랍니다.)","['콜롬비아', '과테말라']"
3911,조바티 브라운 블렌드,"조바티커피의 대표 블렌드 중의 하나인 브라운은
구수한 아몬드 베이스가 특징입니다.
여운이 있는 밸런스가 좋은 블렌드입니다. 조바티커피에선
4가지 아메리카노 블렌드 중 하나로 남녀노소 가리지 않고 사랑 받고 있습니다.","['브라질', '인도', '인도']"
110,르네테르 블렌드,"달콤하고 우유와 만났을때 맛, 농도 그리고 촉감이 배가 되는 블렌드 입니다.","['과테말라', '온두라스', '코스타리카']"
3193,버터 슬럽 블렌드,버터리한 풍미가 입안에 꽉차는 호불호 없는 갓성비 블랜드,"['브라질', '과테말라', '인도']"
1107,피타 블렌드,"고품질의 마이크로랏 생두 위주로 블렌딩하여
스페셜티의 신세계를 경험할 수 있습니다.
신맛과 고소한맛 짙은 농도의 밸런스가 잘 잡힌 커피입니다.","['과테말라', '콜롬비아', '에티오피아']"
188,에티오피아 G1 콩가,상큼한 꽃향기와 블루베리의 단맛이 좋습니다.,['게데오']
3194,레드 블렌딩 커피,"- 고소한 풍미를 바탕으로 화사한 산미가 잘 어울리는 블렌딩입니다.
- 부드러운 아메리카노 제조에 제격입니다.","['에티오피아', '콜롬비아', '과테말라', '브라질']"
4707,과테말라 스위스 디카페인,"향미가 좋은 디카페인, 약간의 산미와 고소함
2차팝 직전 배출로 브루잉과 머신 추출에 좋습니다.

#디카페인, #고소함, #약간의 산미",['s']
4605,코스타리카 따라주,"코스타리카 따라주는 미디움다크 로스팅으로
오렌지 / 피넛 / 꿀 / 초콜렛 / 바닐라 / 얼그레이 등의 맛을 구현하였습니다. 특히 얼그레이 맛이 전체적으로 뛰어난 바디감을 느낄수 있습니다",['타라수']
3042,블루문,"루비아가 선사하는 디카페인 그 이상의 커피

루비아의 블루문은 E.A 슈거케인 프로세스를 통해 카페인을 제거하였지만,
커피의 풍미를 온전히 간직한 일반 커피보다도 더 맛있는 디카페인 커피 입니다.
풀시티로 로스팅 되어 깊고 진한, 라떼에도 잘 어울리는 커피를 만나보세요.",['Colombia']
1038,콜롬비아 디카페인 한국커피 셀렉션,"견과류의 고소함, 은은한 단맛과 크림처럼 부드러운 식감이 식을 때까지 유지돼요.",['s']
1045,콜롬비아 디카페인 에스프레소,다크 초콜릿의 단맛과 감초의 스파이시함 블랙티의 여운이 좋습니다.,['콜롬비아']
1016,리밀 블렌드,견과류의 고소함과 카카오의 달콤 쌉싸름한 맛이 느껴져요.,"['브라질', '과테말라']"
4486,시그니처 화이트,"에티오피아의 워시드와 내추럴 프로세싱이
함께 블렌딩 되어 산미와 단맛의 밸런스가 좋은 원두입니다.
우유와 만날 때 카라멜, 치즈케이크의 플레이버로
라떼에 잘 어울리는 커피입니다.","['Ethiopia', 'Ethiopia', 'Brazil', 'Colombia']"
3609,닻별,"진한 다크 초콜릿의 달콤함과
묵직한 바디감의 적절한 조화로 아메리카노는 물론
베리엥이션 커피로 활용하길 추천드립니다.","['에티오피아', '콜롬비아', '브라질']"
3027,퍼플렄 블렌드,은은한 과일 향과 밀크초콜릿 같은 부드러움이 조화로운 커피입니다.,"['콜롬비아', '에티오피아']"
205,봄의 제전,"꽃향기도 느껴지고, 섬세하고도 달콤한 생기가 느껴지는 커피입니다. 새콤달콤하고 활기가 넘치는 신맛과 잼 같은 풍부하고 끈적하지만 탄력성 있는 촉감을 경험할 수 있습니다.","['에티오피아', '에티오피아']"
4312,볼드 블렌드,"[볼드 블렌드]
뚜렷하고 선명하게
카카오닢스의 묵직함
견과류의 고소함
흑맥주의 은은한 향미
단순하게 묵직하고 고소한 커피가 아닌
다채로운 향미와 바디감으로 산미없는 커피를
표현해본 블렌딩입니다.","['인도', '인도', '온두라스', '케냐']"
3908,얼반아이트 블렌드,"고소하면서 단맛이 좋고, 실키한 질감으로 목넘김이 좋아요.","['Brazil', 'Colombia']"
3457,Winter 블렌딩,"고소한 시리얼의 향, 첫맛에 느껴지는 다크초콜렛의 달콤함
강한 바디감","['브라질', '에티오피아', '베트남']"
190,몬스테라,"식물학 커피의 시그니처 블렌드인 몬스테라는 잘 익은 베리류의 풍미와 클린한 애프터를 느끼실 수 있는 블렌드 입니다. 기분 좋은 적당한 산미와 단맛 그리고 깔끔함이 특징입니다.
커피를 자주 즐기시고 좋아하시는 분들에게 추천합니다. 커피의 산미와 우유의 고소함이 잘 어우러져 라떼류와 잘 어울리는 커피라 생각하고, 커피를 처음 접하는 분들도 거부감 없이 편안하게 즐길 수 있는 커피 입니다.","['케냐', '에티오피아']"
4602,디카페인 과테말라,"과케말라 디카페인의 경우 미디움다크 로스팅으로
너티,월넛,시트러스,아몬드 등의 맛을 구현하였습니다.
과테말라원두 특성답게 견과류와 고소함에 구현된 원두입니다.",['다양한']
1041,클래식 에스프레소,카카오를 씹은 듯 쌉싸름한 맛 뒤에 고소한 달콤함이 어우러진 묵직한 커피입니다.,"['브라질', '과테말라', '콜롬비아']"
4716,콜롬비아 디카페인,"콜롬비아 디카페인으로 약간의 산미와 바디감 풍부한 단맛이 매력적인 커피입니다.

디카페인 커피는 카페인이 제거됨으로서
항산화 작용을 하는 개체가 없기 때문에 일반 커피보다 빠른 산패가 진행됩니다.

이점 유의하시어 주문주시면 감사하겠습니다 :)",['후일라']
4310,기디 블렌드,"[기디 블렌드]
다채로움에 들뜨다
복합적인 산미와 깔금함
레몬캔디의 단맛
기분 좋게 이어지는 꽃내음
누구나 쉽게 누구나 편하게 즐길 수 있는 커피의
산미가 있는 ver. 입니다.
부담스러운 산미보다 은은하게 편하게 즐길 수 있는 기디 블렌드","['과테말라', '에티오피아', '콜롬비아']"
3029,블랙렄 블렌드,"브라운렄 다크 버전으로
더 진한 초콜릿, 묵직한 커피를 원하시는 분들께 추천드립니다.","['콜롬비아', '브라질', '인도']"
266,블랙오르페우스,"카라멜과 브라운 슈가의 달콤함이 초콜릿 느낌과 만나 부드러운 단맛이 느껴져요.
라떼 또는 아메리카노 모두 잘 어울리며, 깊은 에스프레소를 원하는 분들께 적합합니다.","['에티오피아', '브라질']"
3465,메리 옐로우,"과일주스를 마시는 듯한 새콤달콤한 맛과 꽃향기와 허브향이 좋은 스페셜티 블랜딩 입니다.
가볍고 부드러운 맛이 좋은 산뜻한 커피입니다.
- 아이스 아메리카노로 드시면 과일 주스를 마시는 듯한 느낌이 나며 가장 맛있습니다.
- 라떼로 드시면 뒤에서 산뜻한 향이 올라옵니다.
- 에티오피아, 케냐 같은 가볍고 과일, 꽃향기를 좋아하시는 분들께 적극 추천 드립니다.","['에티오피아', '케냐', '콜롬비아']"
3912,조바티 스페셜 블렌드,"조바티 스페셜 블렌드는 꽃향기와 베리맛이 강점이 원두입니다
특유의 산미가 입안 가득 밝은 풍미를 가득하게 해줘서 마치
와인을 마시는듯 깊은맛을 표현 했습니다.
스페셜한 원두입니다.","['에티오피아', '르완다']"
102,클래식 블렌드,"502커피로스터스의 시그니쳐 블렌드 중 가장 오랜 기간 동안 사랑받아 온 클래식은 화려한 매력을 강조하기보다 “견과류의 고소한 향미와 묵직한 바디감”이 주는 탄탄한 베이스로 어떤 베리에이션과도 잘 어울리는 듬직한 커피 입니다.
브루잉, 에스프레소, 그리고 다양한 베리에이션까지 무난하게 소화해내는 클래식은 다재다능한 제너럴리스트로서 어떤 상황에서도 실망 시키지 않습니다. 특히, 선물할 때 상대방의 취향을 잘 모르겠다면, 고민 없이 선택할 수 있는 커피 입니다","['인도', '콜롬비아', '코스타리카']"
3736,콜롬비아 비야라조 시나몬,"츄러스, 시나몬의 향과 카라멜, 흑설탕의 단맛이 좋은 커피입니다.",['아메니아']
141,이탈리안잡 블렌드,이태리 북부스타일 에스프레소에 대한 오마주로 달콤 쌉싸름한 맛입니다.,"['콜롬비아', '엘살바도르']"
9,아이리스,꽃향기로 시작해 다채로운 과일의 플레이버로 이어지는 선명하고 풍부한 과일의 단맛을 가졌어요.,"['코스타리카', '니카라과', '에티오피아']"
1026,뉴커먼,"견과류의 고소함을 베이스로 깊은 바디감이 잘 어울리는 균형감이 좋은 블렌드입니다.
* 이일용 로스터의 한마디 *
산미가 아예 없진 않고 아이스 아메리카노로 마셨을 때 전체적인 밸런스를 받쳐주는 정도의 긍정적인 산미가 있습니다. 뜨거울 때는 느껴지는 부분이 미비합니다.
5년간 스테디 셀러로 판매되고 있는 뉴커먼 블렌드는 저희 커넥츠커피가 자신있게 추천드립니다.","['콜롬비아', '코스타리카', '브라질']"
4776,브라질 리마오호사,맛있는 캐슈넛 / 구운 땅콩과 같은 특징을 가지고 있고 은은한 귤의 산미가 느껴지는 커피입니다.,['미나스']
3614,미드나잇 블루 (디카페인 원두),다크초콜릿과 같은 향미와 당밀의 단맛과 질감 약간의 스파이시 함이 전체적인 밸런스를 살려주고 에스프레소와 밀크 베버리지 어디에든 어울리는 커피입니다.,"['과테말라', '브라질']"
196,Classic Blend,"FELT가 생각하는 커피의 클래식입니다.

시대는 바뀌어도 변하지 않는 것이 있습니다. 밀크와 다크 초콜릿을 넘나드는 단맛에 은은한 산미가 더해져 맛이 단조롭지 않습니다. 견과류의 고소함이 입안을 지그시 눌러주는 균형이 좋은 에스프레소 블렌드입니다.","['콜롬비아', '과테말라', '코스타리카']"
1086,DCW 블렌드,"단맛과 고소한 맛을 중심으로 한 방울 떨어뜨린 듯 은은한 산미까지, 풍성한 향미가 둥글게 다가옵니다.","['콜롬비아', '에티오피아', '과테말라']"
124,콜롬비아 디카페인,비정제 설탕의 단맛과 토스트 맛이 나요. 카카오의 고소한 향미가 느껴집니다.,['후일라']
10,카펜터,"잘 익은 오렌지와 자두의 뉘앙스부터 흑설탕과 달콤 쌉싸름한 다크 초콜릿의 뉘앙스까지 넓은 스펙트럼의 맛을 느낄 수 있고, 밸런스가 좋은 블렌드예요.","['과테말라', '브라질', '콜롬비아']"
1018,헬로 다크니스,"다크 초콜릿같은 달콤, 쌉싸름한 맛에 묵직한 바디가 특징입니다.","['과테말라', '브라질', '인도']"
191,리들리,"식물학 커피의 세컨드 블렌드인 리들리는 볶은 견과류 로스티드 아몬드, 호두, 캐슈넛과 같은 고소함이 인상적이며, 입안을 감싸는 달콤함과 묵직한 무게감을 느낄 수 있습니다.

신맛보다는 고소함을 강조하는 리들리는 커피를 즐겨 드시는 모든 분들에게 사랑을 받는 블렌드 입니다.","['브라질', '콜롬비아']"
125,콜롬비아 디카페인,"견과류의 고소함과 다크초콜릿, 카카오 닙스의 달콤쌉싸름함이 매력적인 디카페인 커피입니다.",['수로에스떼']
1504,콜롬비아 엘 카르멘 워시드,고소한 견과류의 단맛과 사과의 상큼함이 있는 커피입니다.,['후일라']
57,에티오피아 아리차 스페셜 G1 내추럴,아리차 스페셜은 예가체프 지역내에서도 품질이 매우 우수한 농장으로 아리차에서 생산된 내추럴 프로세싱 커피 중에 가장 품질이 우수한 커피를 따로 선별하여 스페셜로 판매하는 상품입니다. 클린컵이 매우 우수하며 기분 좋은 산미와 각종 베리류와 열대과일의 단맛 그리고 밀크 초콜릿의 바디까지 경험할 수 있습니다.,['예가체프']
145,문래 블렌드,"문래블렌드는 밀크 베리에이션 블렌드로, 우유와 특히 잘 어울리는 라떼 전용 블렌드 커피입니다. 견과류의 고소함과 딸기의 향긋함이 더해진 산뜻함이 특징입니다.","['에티오피아', '브라질']"
4692,M블랙,"다크 초콜릿 느낌의 진하고 묵직한 커피
기존 프렌차이즈 카페 원두에 익숙한 손님을 위한 원두
아메리카노와 라떼 모두 잘 어울리는 원두","['과테말라', '브라질', '콜롬비아']"
1343,W 블렌드,"깊은 바디감과 후미에 중점을 둔 강배전의 블렌딩 원두입니다. 다크초콜릿과 스모크 향이 만나서, 깊은 바디감을 만들며 카카오 닙스의 쓴맛을 가진 것이 특징입니다.","['베트남', '브라질', '인도']"
3020,에티오피아 예가체프 아리차 에이미 G1 내츄럴,복숭아와 딸기같은 달콤한 산미와 황설탕의 단맛이 좋은 커피입니다.,['예가체프']
18,레스벗베러,"블렌드명처럼 단순하고, 심플하지만 우리에게 가장 익숙한 대중적인 맛을 추구하고 있습니다. 중남미 생두로 구성해 고소하며 카라멜 단맛이 느껴지고, 다크 초콜릿의 묵직한 바디감이 느껴져요.","['과테말라', '콜롬비아', '브라질']"
3025,블랙가이 블랜드,"다크 초코, 피넛 버터, 구운 견과류","['과테말라', '브라질', '인도']"
4458,케냐 뚱구리 AA,"가공소 / 뚱구리 Thunguri Washing Station
생산자 / 키비리기 커피 농부 협동조합 Kibirigwi Coffee Farmers Cooperative
지역 / 키린야가 Kirinyaga
재배고도 / 1,700 ~ 1,800m
품종 / SL28, SL34, Ruiru11
가공방식 / 워시드 Washed
로스팅 포인트 / 라이트 로스트 Light Roast
블랙커런트, 바닐라, 슈가",['키린야가']
3907,에티오피아 케라모 G1 워시드,"상큼하고 깔끔한 향이 인상적이며, 단 맛과 긴 여분이 좋은 커피예요.",['s']
42,브루클린,상큼한 베리류의 과일 주스처럼 향이 다채로워요. 끝 맛에서 얼그레이 티를 느낄 수 있습니다.,"['에티오피아', '케냐']"
1311,Zero WAVE : Ordinary,묵직한 단맛과 쓴맛이 조화로운 진한 다크 초콜릿의 풍미가 입안 가득히 퍼지며 클래식한 느낌을 줍니다.,"['콜롬비아', '브라질']"
3026,올드네이버,"다크초콜릿의 쌉싸름하고 진한 단맛
헤이즐넛의 고소한 풍미
농후한 질감과 긴 여운","['인도', '브라질']"
3401,라 콜리나,"언덕 위에서 가지는 휴식 같은 편안함
신맛, 단맛, 쓴맛의 좋은 균형감과 실키한 질감이 긍정적입니다.
브라운슈가의 단맛과 고소한 견과류의 복합적인 풍미,
산뜻하고 깔끔한 맛을 가지고 있습니다.","['과테말라', '과테말라', '브라질']"
3229,에티오피아 반티넨카,핵과와 적포도의 상큼달콤한 조화,['에티오피아']
3067,브레가 블렌딩,"진한 커피를 만들기 위해 블렌딩한 원두입니다. 다크초콜릿의 단 맛, 탄 맛 없는 스모키함이 매력적인 원두로 묵직하고 다크초콜릿류 맛의 블렌딩을 원하시는 분들께 추천드립니다.
(사용량에 따라 가격은 상이하니 연락 주시기 바랍니다.)","['과테말라', '콜롬비아', '브라질', '인도']"
3607,반달 베어 블랜딩,"밀크 초코렛 맛을 가진
시럽과 소스에 가장 잘 어울리는
고소하고 묵직한 블랜딩 원두 입니다.",['콜롬비아']
3018,밝은 블렌드,"달콤한 과일의 산미와 카라멜의 단맛
고소한 후미가 느껴지는 블렌드입니다.","['브라질', '에티오피아']"
3072,샹젤리제 블렌딩,"스페셜티 산미용 커피를 만들기 위해 블렌딩한 원두입니다. 열대 과일의 달콤함과 새콤함, 꽃향이 매력적인 원두로 달콤하고 상큼한 맛의 블렌딩을 원하시는 분들께 추천드립니다.
(사용량에 따라 가격은 상이하니 연락 주시기 바랍니다.)","['에티오피아', '콜롬비아', '브라질']"
4008,에티오피아 카욘마운틴 내추럴 구지 G1 스페셜티,"열대 과일 쥬스처럼 상큼하고 달콤함
파인애플 복숭아의 부드러운 단맛",['카욘']
4676,올굳 블렌드,"올 굳 블렌드는 그 이름처럼 ‘어떤 방식으로 즐겨도 맛있는 커피’입니다. 풍부한 단맛과 은은한 산미를 잘 어우르는 밸런스가 좋아 필터 커피, 에스프레소 그리고 밀크 커피 모두에 적합합니다.
복숭아의 아로마, 마카다미아의 고소함과 함께 토피 애플, 밀크캐러멜의 달콤함이 올 굳(all good)입니다. 아메리카노와 라떼 모두에 사용할 수 있는 진정한 범용 커피 블렌드입니다.","['콜롬비아', '과테말라', '에티오피아']"
4334,콜롬비아 라 레세르바 카투라 치로소,"무산소발효 허니 가공 방식으로 열대과일과 진득한 잼 같은 달콤함과 함께 정향, 민트 등이 같이 느껴지는 커피입니다.",['안티오키아']
3219,Parachute (패러슈트),"고소한 견과류와 브라운슈가의 단맛
후미에 남는 카카오가 매력적인 원두","['콜롬비아', '과테말라']"
2999,디카페인 에티오피아 짐마,"무겁지 않은 바디감과 카라멜의 단맛,청포도와 같은 가벼운 산미가 주는 균형잡힌 디카페인 커피로 부드러운 목넘김이 특징인 커피입니다.",['에티오피아']
4760,휘둥그레블렌드,인도커피와 브라질커피의 묵직한 바디감과 진한 단맛 그리고 너트류의 고소함이 지배적이며 콜롬비아커피와 에티오피아커피에서 느낄수있는 깔끔한 초콜릿같은 느낌이 있는 커피 입니다.,"['브라질', '인도', '에티오피아', '에티오피아']"
4015,케냐 바링고 워시드 AB,"건매실, 시트러스, 흑설탕, 초콜릿의 향미와 단맛
편하게 내려마시기 좋은 커피입니다.",['투겐']
3891,에티오피아 예가체프 게이샤,"상큼한 꽃향기와 와인향
과일의 산미와 밀크초콜릿의 달콤함

꽃향기,상큼한 와인향,과일의 신 맛, 밀크초콜릿의 부드러운 달콤함, 군고구마의 달달함
산미가 좋은 원두입니다. 상큼하게 산미를 더욱 살리고 싶다면 아이스로 드셔보세요.",['에티오피아']
3584,어텀 블렌드,"CUSP의 가장 밸런스 좋은 블렌드 커피로서,

입안 가득 퍼지는 가을 견과의 맛과 향이 기분 좋게 퍼질 때 느껴지는 달달한 밀크 초콜릿의 감칠맛이 감히 밸런스의 정석이라고 말할 수 있는 블렌드 커피입니다.

너무 쓰지도, 산미가 있지도 않는 호불호 없는 커피로서 카페의 메인 블렌드로 세팅하길 추천드리는 커피입니다.","['과테말라', '콜롬비아', '브라질']"
4797,온두라스 카바예로 워시드 아나에어로빅,"카라멜의 단맛, 복숭아 주스를 마시는 듯한 느낌, 은은한 꽃향과 바닐라 그리고 딸기의 향미가 나는 커피입니다.",['온두라스']
1109,돌담in애월,"매서운 제주의 바닷바람을 묵묵히 막아주는 돌담의 모습을 형상화하였습니다.
고소하고 바디감 좋은 중남미 원두들에 르완다 이심비를 추가하여,
다크초콜렛과 흑설탕의 기분 좋은 단맛과 긴 여운을 주는 바디감, 치우침 없는 균형감을 추구합니다.","['브라질', '콜롬비아', '과테말라', '르완다']"
4759,카페5060,"브라질의 고소한 단맛이 보리,미숫가루같은 은은한 맛의 베트남커피와 조화를 이루며 에티오피아 커피의 깔끔한 맛으로 후미를 마무리하는 대중적인 블랜드입니다.","['브라질', '베트남', '에티오피아']"
218,33도 블렌드,"상큼하게 들어오는 청량감과 부드러운 산미가 매력적이고, 입안에 남는 여운이 달달하게 퍼져 기억에 오래 남는 커피입니다. 산미를 선호하지 않는 분들도 과일같은 달콤함에 매력적으로 즐길 수 있는 커피입니다.","['에티오피아', '에티오피아']"
4611,클래식 블렌드,"Tasting note
다크 초콜릿, 구운 호두, 흑 설탕, 풀 바디
Hebe's comment
클래식 블렌드의 목표는 누구나 호불호 없이 즐길 수 있는 커피를 만들자 였습니다. 다크 초콜릿의 진하고 묵직한 맛과 구운 호두와 넛츠의 고소함. 거기에 텁텁하지 않고 클린한 후미까지 ! 헤베커피 최고의 스테디 셀러입니다.","['브라질', '콜롬비아', '인도']"
3055,애비뉴 블렌딩,"맛도 좋고 가성비도 좋은 커피를 만들기 위해 블렌딩한 원두입니다. 고소하고 달콤 쌉쌀한 맛의 블렌딩을 원하시는 분들께 추천드립니다.
(사용량에 따라 가격은 상이하니 연락 주시기 바랍니다.)","['브라질', '콜롬비아', '과테말라']"
3446,와이칸,"깨끗한 질감과 단맛이 아주 좋고 견과류의 고소함, 초콜릿·카카오닙스처럼 달콤쌉싸름한 마무리가 좋습니다.",['웨웨테낭고']
4172,디카페인 고소한 빈도,"균형잡힌 단맛과 깔끔한 후미가 주는 개운함이 특징인 디카페인 고소한 빈도 입니다.
카페인이 없어 늦은 저녁에도 부담없이 즐기실 수 있습니다.","['콜롬비아', '브라질']"
4570,에티오피아 시다모 G1 봄베 와인 내추럴,"진한 체리향과 청사과, 마스코바도의 깔끔한 단맛",['시다모']
3902,버밀리온 헤오 블렌딩,"과일 초콜릿과 같은 매력적인 단맛과 카카오의 여운, 묵직한 마디감이 특징인 커피입니다.","['브라질', '콜롬비아', '에티오피아']"
83,싸우스폴 블렌드,다크초콜릿과 카라멜향이 느껴지는 은은한 단맛과 클린함이 느껴집니다.,"['브라질', '인도']"
4701,디카페인,"커피 본연의 맛과 향미를 유지하며 카페인이 제거된커피
카페인을 드시지 못하는 손님을 위한 원두
아메리카노와 라떼 모두 잘 어울리는 원두","['과테말라', '콜롬비아']"
3460,디카페인 에티오피아 예가체프 콩가 내추럴,"에티오피아 콩가 내츄럴의 뉘앙스를 그대로 느낄수 있는 디카페인 원두 입니다. 자두의 향미와 달고나의 단맛, 부드러운 산미, 꽃 내음이 도는 기분좋은 잔향이 특징 입니다.",['s']
12,플레이어,"밀크초콜릿의 진한 단맛이 특징이예요.
견과류의 고소함, 부드러운 산미가 조화롭게 어우러져요.","['브라질', '콜롬비아', '인도', '에티오피아']"
1502,보난자 블렌드,하루에 몇 잔을 마셔도 질리지 않는 부드럽고 산뜻한 블렌드 커피입니다.,"['브라질', '콜롬비아']"
4706,에티오피아 시다모 워시드 G2,"클린한 산미와 과일향, 꽃향과 고소함
전체적으로 기분좋은 향미를 가진 커피 입니다.

1차팝이후 2차팝 직전 배출로 브루잉과 머신에 사용하기 좋습니다.

#플로럴, #고소함, #꽃향, #클린컵",['에티오피아']
235,딥 밸런스,"누구나 좋아하는 다크한 향미의 올 라운더 커피이며, 쌉쌀하면서도 묵직한 단맛이 균형있게 퍼지는 느낌의 커피입니다.","['브라질', '과테말라']"
3901,버밀리온 블렌딩,"은은한 베리류의 매력적인 산미와 견과류의 단맛, 깔끔한 여운이 특징입니다.","['콜롬비아', '에티오피아']"
1209,BRICK 블랜드,"처음에 입에 닿을때 느껴지는, 다크초콜릿의 풍미와 기분 좋게 느낄수 있는 묵직한 바디감 그리고 후미에 올라오는 달달함으로 블랙으로 드셔도, 우유와의 조합으로 드셔도 정말 좋은 블랜드입니다.","['콜롬비아', '에티오피아', '브라질']"
4309,스테이블 블렌드,"[스테이블 블렌드]
치우침 없이 안정되다
브라운 슈가의 단맛
은은한 산미
균형잡힌 바디감
하나의 그라인더를 사용하는 매장 또는 추출로 산미, 고소함을 조절가능한 매장의 추천드리는 원두입니다 !","['브라질', '콜롬비아', '과테말라']"
3893,에티오피아 예가체프G1 아리차 내추럴,"농익은 과일향, 열대과일의 단맛, 상큼함
베리류의 단맛, 화사한 여운

과일의 향과 산미가 좋은 원두입니다.
따뜻할 때의 단향, 아이스의 달콤한 산미, 두 가지 맛과 향을 즐겨보세요.",['예가체프']
291,올드타운,"작은 시골마을의 변치 않는 모습을 간직하고 싶었어요.
변치않기 위해선 어느 한쪽에 치우치지 않는 균형과
단단하고 넓은 포용력이 필요하죠
이 커피는 우리가 생각하는 커피의 밸런스를 표현하고 있어요.
흔히 말하는 신맛, 단맛, 쓴맛이 적절히 어우러진 커피입니다","['과테말라', '콜롬비아']"
3147,콜롬비아 모틸론,"고소한 견과류의 느낌과 중간정도의 바디감과 밸런스가 좋은 커피입니다.

싱글이지만 머신용으로도 적합합니다.",['노르테']
3197,초코퍼지 블렌딩 커피,"- 산미는 없애고 고소함만 가득한 커피.
- 베리에이션에 특히 좋은 블렌딩 커피.","['브라질', '에티오피아', '인도']"
185,리볼브,"밀크초콜릿, 헤이즐넛의 풍부한 단맛. 감귤류의 은은한 산미와 감미롭고 부드러운 여운의 훌륭한 균형감을 느낄 수 있습니다.","['브라질', '콜롬비아', '과테말라']"
3157,302 블렌드,"중강배전으로 로스팅 되어, 누구나 편하게 즐길수 있게 밸런스에 초점을 맞추고, 후미를 풍부하게 느낄수 있습니다. 초콜렛, 바닐라, 견과류 느낌의 맛과 향의 블렌드 입니다.","['에티오피아', '니카라과']"
4459,COLOMBIA TAMARA(콜롬비아 타마라),"초콜릿 향과 적절한 바디, 상큼한 맛을 지닌 콜롬비아 타마라는
캐러멜과 볶은 견과류의 고소한 단맛이 특징입니다.

깔끔하면서도 오래 남는 후미를 느껴보실 수 있습니다.",['콜롬비아']
4837,블랙 스트림 4kg,"입안에서 다채롭게 퍼지는 다크 로스팅의 풍미
콜롬비아와 과테말라 그리고 인도네시아 만델링과 로부스타의 풍미가 복합적으로 펼쳐집니다.

4kg단위로 주문이 가능 합니다.","['후일라', '빅토리카', '수마트라']"
70,진양조,"진한 풍미가 좋은 다크로스팅 블렌드.
호두의 너티함을 베이스로 옥수수와 같은 구수한 후미가 인상적인 커피입니다.","['브라질', '인도', '콜롬비아']"
180,에티오피아 리무 볼렌소,"내추럴 프로세싱 특유의 건포도 향미가 선명히 느껴지며, 좋은 클린컵의 부드러운 산미는 오렌지의 향미로 느껴집니다. 부드러운 질감과 묵직한 초콜릿의 단맛이 긴 여운을 남기는 복합적인 향미와 단맛의 여운이 좋은 커피입니다.",['리무']
116,젠틀레인 디카페인,깔끔하며 부드러운 단맛이 좋은 디카페인 커피입니다.,"['브라질', '에티오피아']"
4613,프레쉬 블렌드,"Tasting note
베리, 복숭아, 카라멜, 시러피
Hebe's ﻿comment
프레쉬 블렌드는 잘 익은 베리에서 느껴지는 단맛과 함께 산뜻한 핵과류의 산미가 매력적인 블렌드입니다:)
프레쉬 블렌드는 필터커피로 내려 드셔도 좋지만, 진득한 에스프레소를 추출하여 향긋한 라떼로 즐겨보시는 것도 추천드립니다!
(원두 량을 중/강배전의 커피보다 조금 더 업도징하여 사용해주시면 좋습니다😄)","['예가체프', '과테말라']"
3740,파나마 페리엔 게이샤 워시드,"클래식한 게이샤 커피.
향긋한 자스민의 향, 오렌지 산미, 머스캣의 풍미,
여운에선 독특한 녹차의 향을 가진 커피입니다.","['엘', '보케']"
1336,프렌치,"카라멜, 다크 초코렛의 향미가 깊고 풍부해요.","['콜롬비아', '인도', '브라질']"
4775,과테말라 엘 소코로 버본,펑사과의 산미와 초콜렛의 단맛이 좋습니다.,['팔렌시아']
55,젠틀레인,"CQI의 Q-Grader이자 SCA CSP Diploma인 브니엘 커피 로스터스 대표가 직접 생두를 선별하여 섬세한 로스팅 프로파일로 깊은 단맛과 부드러운 바디, 무엇보다 누텔라의 풍부한 초콜레티를 담아냈습니다.
풍부한 바디와 부드러운 목넘김에 달큰한 단맛은 덤!!","['브라질', '에티오피아']"
3946,바다뷰 디카페인,"- 양양 바다뷰제빵소에 방문한 100만명 이상의 카페 손님이 인정한 디카페인 원두
- 고소하고 달콤하고 묵직한 바디의 디카페인","['안티오키아', '칼다스']"
3022,스윗가이 블랜드,"잘 익은 오렌지, 갈색 설탕, 균형잡힌 밸런스","['에티오피아', '에티오피아', '브라질']"
4693,J브라운,"밀크 초콜릿처럼 부드럽고
견과류의 고소함이 느껴지는 밸런스 좋은 커피
기본 아메리카노 원두","['과테말라', '브라질', '에티오피아']"
4824,브라질 디카페인,은은한 호박차 같은 단맛에 달달한 군고구마의 향이 더해진 커피입니다. 천천히 마시다보면 볶은 땅콩향이 커피를 더욱 달게 만들어줍니다.,['브라질']
4786,콜롬비아 핀카 라 레세르바 카투라치로소,복숭아 / 살구 / 레몬그라스와 같은 과일의 늬앙스가 잘 표현되는 커피로 무산소 발효과정을 철저희 통제하여 클린컵이 무척 좋은 커피입니다.,['안티오퀴아']
4004,콜롬비아 디카페인 커피 원두 새벽,"고소한 보리와 호두의 향
오렌지 산미와 카라멜, 옥수수의 단맛
깔끔한 후미",['콜롬비아']
4332,호수 블렌드,"진하고, 고소하고 묵직한 맛의 호불호 없는 블렌드
산미를 배제한 대중적인 고객층에 제격","['브라질', '콜롬비아', '인도']"
3038,피렌체,"루비아의 피렌체
클래식한 이탈리안 스타일의 미디엄 다크 커피
고소한 견과류와 곡물과 초콜릿의 비터 스위트를 가진 가장 커피스러운 커피 입니다.
풍성한 크레마와 60일 이상 긴 상미 기한이 특징이며, 10온즈부터 22온즈(대용량)까지 18g 2샷만으로도 충분한 농도가 나오는 진한 커피 입니다.
달콤한 빵과 제과, 음식과 잘 어울립니다.
특히 피렌체는 라떼로 정말 맛있습니다! 꼭 테스트 해보세요!
*10oz-14oz까지는 싱글샷만으로도 충분히 진한 커피가 완성되기 때문에 한 번의 추출로 두 잔의 아메리카노를 제공할 수 있습니다.","['과테말라', '브라질', '우간다']"
1210,BEIGE 블랜드,"오렌지쥬스 같은 질감과 화사하고 가벼운 느낌의 바디감, 가볍게 하루를 깨우고 싶으시다면, 이 원두와 함께 시작하시는걸 굉장히 추천드립니다.","['에티오피아', '에티오피아']"
1121,자몽 블렌딩,"상큼한 자몽의 산미와 잘 익은 군고구마, 밀크 카라멜의 단맛이 어우러져 부드러운 목넘김을 선사합니다.","['콜롬비아', '브라질', '과테말라']"
4842,마블 디카프,"견과류의 고소함과 호박같은 단맛이 부드럽게 들어오며 초콜릿같은 쌉쌀함이 은은하게 나오는 커피입니다. 카페인이 부담스러운 분들도 부담없이 마시기 좋은 제품입니다.

- 은은한 호박의 단맛이 편안하게 마시기 좋습니다.
- 밸런스 잡힌 맛으로 일반 커피를 마시는 듯한 느낌의 디카페인 커피입니다.","['콜롬비아', '과테말라']"
136,디카페인 과테말라 블렌드,비옥한 화산 토양의 묵직하고 지속적이면서도 깊은 여운의 향미를 느끼실 수 있습니다.,['과테말라']
4328,밤의 유영,"달달하면서 부드럽고 편안한 달콤함이 기분좋은 디카페인 커피입니다.
은은한 오렌지 캐러멜의 향미와 갓 구운 군고구마, 군밤의 단맛이 인상적이며, 입안에 맴도는 몽글몽글한 느낌이 부드러워 깊은 밤 잠들지 못하는 분들께 추천합니다.

샘플 주문 시 아메리카노 캔 같이 보내드립니다.",['콜롬비아']
2995,과테말라 SHB 스위스워터 디카페인,"곡물향, 달콤한 카라멜향, 쌉쌀하면서 부드러운 맛",['과테말라']
3810,에티오피아 예가체프 첼베사 워시드,"에티오피아 예가체프 첼베사 커피입니다. 선명한 라벤더 향이 매력적이고 복숭아와 청포도 향미가 매력적인, 퀄리티 좋은 에티오피아 워시드 커피입니다.","['첼바사', '예가체프', '지디오']"
1012,커넥츠 블렌드,"브라운슈가의 단맛을 베이스로 건과일의 향미가 느껴지는 균형감이 뛰어난 스페셜티 블렌딩 입니다.
* 이일용 로스터의 한마디 *
이 원두는 개발하기까지 1년이 넘는 시간이 걸렸습니다. 너무 과하지 않은 산미와 다채로운 향미를 담아내면서도 적당한 고소함도 갖춘 밸런스가 뛰어난 원두를 만들고 싶었습니다. 그렇게 다양한 시도를 하며 세차례 전문가와 비전문가 패널을 대상으로 수 차례 테스트 후 완성할 수 있었습니다. 그렇게 이제는 제가 가장 즐겨 많이 마시는 블렌딩이 탄생했습니다.","['콜롬비아', '에티오피아', '코스타리카', '인도', '과테말라']"
3590,에티오피아 예가체프 아리차 G1 워시드,"마치 과즙 풍부한 자두를 한 입 베어문듯한 달콤함 속에 조화롭게 퍼지는 새콤한 라즈베리의 산미 묵직한 레드와인과 같은 바디감이 따뜻한 커피로 즐기기도 좋지만, 무더운 여름날 아이스로 세팅하기 정말 좋은 커피입니다. 에티오피아 아리차 농장에서 생산되는 커피 중 가장 품질이 우수한 커피를 선별하여 품질과 맛 또한 믿고 즐기실 수 있는 커피입니다.
산미중에서도 새콤달콤한 베리류의 산미를 즐기시는 분들에게 추천드리기 좋은 커피입니다.",['예가체프']
56,마이 로맨스,"마이로맨스는 그 이름에서 느껴지듯이 산뜻하고 부드러운 느낌의 블랜드입니다. 에스프레소 블렌드이지만 브루잉으로도 충분히 즐길 수 있습니다.
CQI의 Q-Grader이자 SCA CSP Diploma인 브니엘 커피 로스터스 대표가 직접 생두를 선별하여 정성껏 로스팅 하였습니다. 오렌지의 향긋한 향과 딸기와 라즈베리 그리고 달콤하고 부드러운 마시멜로 같은 마우스 필과 부드러운 목넘김까지 경험할 수 있습니다.","['과테말라', '에티오피아']"
61,디카페인 에티오피아 예가체프 워카 내추럴 스위스 워터,"센터커피는 디카페인은 맛이 없다라는 편견을 깨기위해 퀄리티 좋은 생두 선별에 오직 물로 카페인을 추출하는 스위스 워터 방식의 디카페인 공정을 거친 커피를 센터커피만의 로스팅 기법으로 풀어내었습니다.
커피 본연의 맛과 향을 최대한 살린 센터커피 디카페인 커피는 카페인 섭취에 부담을 느끼시는 분들이 편하고 부담 없이 드실 수 있습니다.
캐러멜의 단맛이 느껴지고, 식을수록 건자두의 플레이버가 입안은 채워줍니다. 다크초콜릿의 플레이버가 전체적인 밸런스를 잡아주는 커피입니다.",['s']
1023,블랙 앤 모어,묵직한 바디감과 긴 여운을 가지고 있어 클래식한 커피를 좋아하는 분들께 추천 드립니다.,"['과테말라', '브라질', '콜롬비아']"
1021,글램 앤 모어,화사한 산미를 시작으로 체리와 포도의 달콤함을 느낄 수 있으며 스파클링의 청량감으로 입안에서 톡톡 터지는 과일 향미를 즐길 수 있습니다.,"['에티오피아', '케냐']"
1103,헥사 블렌드,"헥사는 밸런스에 초점을 맞춘 하우트커피의 시그니처 블렌드입니다.
진한 초콜릿향, 농후한 단맛, 부드러운 산미, 고급스러운 바디감과 실키함까지
커피가 가진 다양한 매력을 만나보세요.","['인도', '과테말라', '콜롬비아', '에티오피아']"
133,고소한쌀밥 블렌딩,"고소한 쌀밥은 우리가 매일 먹는 하얀 쌀밥을 모티브로 제작되었습니다.
어떤 음식과도 잘 어울리는 쌀밥처럼 다양한 디저트와 잘 어울리는 커피.
씹을수록 단맛이 올라오는 쌀밥처럼 고소한 향과 맛에 달콤함이 은은하게 표현되는 커피.
브라질 특유의 고소한 맛, 강배전한 워시드의 씁쓸한 맛, 약간의 신맛과 깔끔하게 떨어지는 뒷맛
모든 맛들이 어느 것 하나 튀지않고 벨런스 있게 잘 잡혀있으며 추출에 따라 맛의 변화도 다양한 편으로 취향에 따른 레시피를 만들 수 있는 재미있는 커피입니다.
누구와 마셔도, 어떤 상황에서 마셔도 호불호 없이 스며드는 대중성이라는 원더월의 가치를 가장 잘 표현하는 커피입니다.","['브라질', '엘살바도르']"
4878,과테말라 디카페인 (마운틴 워터 프로세스),"군고구마의 향미와 오렌지의 상큼함이 함께 느껴지는 커피로
굉장히 마일드한 촉감을 지니고 있고,
밀크초콜릿같이 부드러운 초콜릿을 연상시키는
후미를 가지고 있습니다.",['게데오']
4599,디카페인 콜롬비아,"콜롬비아 디카페인의 경우 미디움다크 로스팅으로
애플,감귤,레몬,허브,카라멜 등의 맛을 구현하였습니다.
디카페인은 쓰다는 편견을 없애고, 커피 본연의 고소함에 충실한 원두입니다.",['안티오키아']
3048,카넬리안 블렌드,"녹진하게 느껴지는 초콜릿 뉘앙스 뒤에 고소함이 잘 나타납니다.
입안에 남는 단 향의 마무리가 좋으며 텁텁하지 않은 깔끔함이 좋습니다.","['과테말라', '인도', '에티오피아']"
4522,[다크] 케냐 키리냐가 아실리 AA+ 워시드,"케냐 키리냐가 아실리 AA+ 워시드 다크로스팅

아실리는 스와힐리어로 자연이란 뜻입니다.

케냐 키리냐가 아실리 AA+는 가장 본연의 케냐 특징을 가지고 있습니다. 화사한 토마토와 커런트류, 다크 초콜릿의 향미가 매력적으로 이어집니다.

매력적인 싱글 오리진 다크로스팅 케냐의 커피를 만나 보세요.",['케냐']
4313,세븐레이크,"세븐레이크는 밀크 초콜릿의 단맛에 고소함이 더해져 좋은 밸런스가 특징인 블렌드입니다.

샘플 주문 시 아메리카노 캔 같이 보내드립니다.","['콜롬비아', '에티오피아', '과테말라']"
1737,케냐 야라 AB TOP,"-Cup Note
자스민, 레몬캔디, 복숭아, 홍차",['키암부']
1083,콜롬비아 수프리모 SW 디카프,비스킷 같은 고소하고 달콤한 향에 부담스럽지 않은 산미가 부드럽게 퍼집니다.,['콜롬비아']
4311,위시풀 블렌드,"구황작물의 묵직한 단맛
밀크초콜릿의 풍부한 바디감
은은한 허브티의 꽃내음

고소함과 은은하며 상큼한 허브향이 매력적인 블렌딩입니다.
연령층이 높은 상권에 추천드리는 블렌딩입니다:)","['카우카', '르완다']"
3046,아이올라이트 블렌드,"와이니한 목 넘김과 함께 다크 초콜릿과 구운 견과류의 진한 풍미가 고급스럽습니다.
입 안에서 느껴지는 질감과 남는 여운이 좋은 커피입니다.","['콜롬비아', '온두라스', '케냐']"
4612,밸런스 블렌드,"Tasting note
밀크 초콜릿, 브라운 슈거, 마카다미안, 부드러운 산미
Hebe's comment
밸런스 블렌드는 부드러움과 편안함을 생각하며 만든 블렌드입니다.
부드럽고 고소하면서도 은은한 산미를 함께 즐기실 수 있을 거예요!
데일리 커피로 즐기기에 더할 나위 없이 좋은 커피입니다.","['콜롬비아', '과테말라']"
1092,인도 마이소르 너겟 엑스트라 볼드,"오일이 보일정도의 다크 로스팅입니다. 다크 초콜릿, 갈색설탕의 단맛이 좋으며, 볶은 견과류와 바디감이 풍부한 커피입니다.",['치크마갈로루']
1707,콜롬비아 엑셀소 EP 디카페인 마운틴 워터,"멕시코에서 가장 높은 화산 빙하의 맑고 깨끗한 물로
7번의 까다로운 공정을 거쳐 카페인을 99.9% 제거
했으며, 임산부와 카페인에 예민하신 분께 추천합니다.
* 이일용 로스터의 한마디 *
디카페인이 맛 없다는 편견은 이제는 버려야합니다. 4년 전 이 원두를 만나고 저 역시 그 편견을 버렸습니다. 에스프레소 용도로 로스팅하였으니 걱정말고 다양한 에스프레소 베리에이션에 사용하세요. 물론 브루잉도 좋습니다.
가끔 손님이 놀랄 수도 있습니다. 디카페인이 왜 이렇게 맛있냐고 말이죠.",['s']
3929,하이홉스 시즈널블랜드,"[시즈널블랜드]
매년 좋은 품질을 위한 그리고 변하지 않는 제품의 컵노트를 위해 특별히 선정되어 생산되는 제품입니다.

하이홉스 시즈널블랜드은 밀크초콜릿의 부드러운 단맛과 고소한 캐슈넛, 그리고 매력적인 시트러시의 플레이버와 함께 클린한 느낌을 표현하는 커피입니다.","['브라질', '과테말라', '인도']"
3024,조이가이 블랜드,"피넛 버터, 구운 아몬드, 구운 땅콩, 초콜릿","['과테말라', '브라질', '인도']"
3741,콜롬비아 살피콘 게이샤 CM내추럴,"향기로운 장미와 로즈마리의 향, 레드와인과 체리, 초콜릿의 풍미를 가진 커피입니다.",['후일라']
3514,Caramelo 카라멜로,"푸루티하고 쥬시한 커피예요.
사탕같은 달콤함이 가득합니다.","['에티오피아', '코스타리카']"
