,로스터리ID,로스터리,로스터리 주소,로스터리 소개
0,57,언더프레셔,서울 강남구 영동대로106길 37 1층,“일상 속 특별한 휴식” 커피를 추출하는 기본 원리인 물줄기의 압력(Pressure)을 의미하는 ‘언더프레셔’는 그 이름처럼 본질에 충실한 커피를 만들어갑니다. 균형 있는 커피를 내리는 일처럼 일과 삶의 밸런스를 맞춰가는 사람들의 라이프스타일을 응원합니다. 언더프레셔의 신선한 원두와 숙련된 바리스타의 정성으로 완성한 스페셜티 커피를 경험해보세요.
1,67,운조커피,경기도 화성시 동탄지성로 306번길 68,커피가 나에게 준 커다란 변화를 모두와 나누고 싶습니다. 나의 이름이 붙은 커피를 만들고 좋은 생두를 찾고 최적의 로스팅을 위해 매일 새로운 시도와 연구를 하며 느리지만 정직한 과정을 한 잔에 담겠습니다.  지나간 시간의 고통과 노력들이 더 나은 맛으로 나타남을 알기에 지금도 앞으로도 기쁘게 고민하고 천천히 완성해 가겠습니다.
2,77,제이엠디커피팩토리,경기 고양시 일산동구 장대길 75-53 나동 1층 JMD Coffee Factory,"“JMD만의 명품 원두로 그 이상의 무한함을 창조하고자 합니다.” 커피는 이제 단지 특별한 음료, 사치스러운 이미지에 국한되지 않습니다. 30년 이상 경력의 해외현지 최고 로스터가 최고의 맛과 품질을 전달하기 위해 4단계의 품질테스트와 샘플 로스팅, 커핑, 프로파일링의 빅데이터를 가지고 본연의 맛을 살린 로스팅을 합니다. JMD는 언제나 좋은 커피와 함께 여러분들에게 찾아갈 준비가 되어있습니다."
3,11,뉴웨이브 커피로스터스,"서울특별시 양천구 오목로56길 2,1층","뉴웨이브 커피로스터스는 확고한 커피의 철학으로 우리만의 스타일로 많은 커피를 전달하고 있습니다. '뉴웨이브(New Wave)'는 커피 세대를 상징하는 '웨이브(Wave)'에서 착안해 집에서 인스턴스 커피를 즐기던 첫 번째 세대(퍼스트웨이브)를 거쳐 원두커피와 더불어 공간을 즐기는 두 번째 세대(세컨드웨이브)를 관통해, 스페셜티 커피로 대표되는 세 번째 세대(써드웨이브)까지. 커피를 즐기는 다양한 세대를 넘나들며 새로운 세대가 도래할 때마다 새로운 가이드를 제시할 수있는 롤모델이 되기를 바라는 마음을 담고 있습니다."
4,34,베르크 로스터스,부산 부산진구 전포동 356-6 지하1층,"부산에 위치한 스몰배치 스페셜티 커피 로스터리이자, 서로 다른 경험과 개성을 가진 4명이 모여 긍정적인 삶의 변화를 추구하는 회사 입니다. 각자의 위치에서 역할에 따라 다양한 활동을 하고 있으며 모든 구성원들이 즐겁게 열정을 유지하며 늘 새로운 방식으로 변화하는 매력적인 브랜드가 되고자 합니다. 커피를 만드는 저희와, 저희 커피를 사용하시는 분, 그리고 커피를 드시는 분까지 좋은 관계를 만들고 함께 하는 것에 의미를 두고 발전하는 것을 중요하게 생각합니다."
5,78,조바티커피,경기 고양시 일산동구 일산로372번길 30-5 1층,"조바티커피 로스터스입니다. Jobatti Coffee Roasters (JCR)  ""Coffee-Impressionism""  스타벅스 같은 세계적인 로스터리 카페를 꿈꾸며 조바티커피를 만들고 있습니다. 대한민국을 대표하는 로스터리로 거듭나겠습니다. 감사합니다."
6,18,라메르판지 비앤알,울산 북구 판지1길 30,"라 메르 판지 제조사인 라 메르 판지 B&R은 베이커리와 원두를 제조하는 회사로, 안전하고 질 좋은 먹거리를 제공하기 위해 HACCP인증을 마친 프리미엄 베이커리 만을 취급하는 회사입니다."
7,98,토치커피,서울시 강남구 봉은사로 68길 41,"토치커피는 커피 산지를 다니며 생두를 선별하여 수입 납품하는 브랜드입니다. 매년 개성 있는 싱글 오리진 커피들을 소개하고, 안정적이고 일관된 블렌드 커피를 제공합니다, 우리는 산지에서 부터 최종 음료가 나오기까지의 모든 과정을 컨트롤 합니다. 커피를 생산하는 사람, 그리고 그 커피를 소비하는 사람 그 둘을 잇는 가교 역할에 충실하고 그 과정속에 우리와 관계한 사람들의 행복을 추구합니다."
8,29,리플로우 커피 로스터스,"서울특별시 마포구 월드컵북로6길 88, 2층(동교동)","리플로우 커피 로스터스는 고객들이 부담 없는 가격으로 스페셜티 커피를 즐길 수 있게 합니다. 이는 커피의 품질에 대한 타협에서도, 공정 과정에서 들어가는 노력에 대한 타협에서도 나오는 것이 아닙니다. 오롯이 고객들을 생각하는 마음의 결과물일 뿐입니다. 가장 맛있으면서도 가장 편안한 스페셜티 커피, 이것이 리플로우 커피 로스터스의 지향점입니다."
9,85,커스프 커피,서울시 강남구 학동로31길 12 7F,"커스프는 스텀프타운에서 시작한 20년 경력의 대표 로스터 JAY가 창업한 뉴욕 브루클린의 로스터리 카페 입니다. 커스프는 한국에 로스터리를 구축하여 JAY가 만들어낸 커스프만의 특별한 로스팅 프로파일을 소개하고 있습니다. 뉴욕의 트렌디한 커피 커스프를 경험해보세요!  커스프는 주문 건에 대한 당일 로스팅으로 신선한 원두를 제공해드리고 있으며, 커스프팀 소속의 로스터, 바리스타 한명 한명은 매일매일 진심을 다해 커피를 볶습니다."
10,8,나무사이로,"경기도 성남시 분당구 석운로 33, 나무사이로","2002년에 시작한 나무사이로는 한 잔의 커피로 우리의 일상이 풍요로워지기를 바랍니다. 지속적으로 산지를 방문하여 농부•생산업자와 소통하며 좋은 재료와 논리적인 로스팅, 철저한 품질관리를 기반으로 커피가 가진 다양한 매력을 소개합니다."
11,75,전광수 커피,경기도 하남시 조정대로 150 (아이테코) 오렌지존 226호,전광수커피는 1996년 창업 이후 커피 1세대 로스터가 운영하는 강배전 로스팅 전문 회사로써 일찍부터 국내에 핸드드립 커피를 전파하는데 앞장섰으며 고품질 원두를 제공하는 회사입니다.  식은 커피에서 근사함을 느껴보셨나요? 그러한 커피를 소개합니다.
12,63,오프사이트,경기도 파주시 조리읍 고봉로 929 2층,"[ OFF-SIGHT ] 시각적 이미지는 우리에게 유용한 정보를 가져다주지만 때론 중요한 본질을 놓치게 만들기도 합니다. 커피를 마시는 공간, 그리고 잔 안에 담긴 음료, 그 이상의 가치를 담아내기 위해 오프사이트는 오늘도 노력합니다. 철저하게 테스트를 거쳐 선별된 생두로 로스팅하며, 일반 소비자분들께도 충분히 설득력있는 맛을 표현해드리고자 노력합니다."
13,43,수수커피,서울시 강남구 강남대로154길 24 준영빌딩 1층,"수수커피는 '수수하다'라는 사전적 의미처럼 꾸미지 않고 커피가 가진 본연의 맛을 추구합니다. 생두가 한 잔의 커피가 되기까지 여정의 마무리는 결국 '마시는 사람'입니다. 커피를 내려 마실 때 그 원두가 가진 스토리를 알고 있는지, 어떤 페어링을 하는지, 어떤 부분에서 어떤 노트를 찾는지에 따라 한 잔에 대한 감각은 달라질 수 있습니다. 저희는 마시는 사람에게 아직은 낯선 원두에 설레는 호기심을 불어 넣고, 취향으로서의 커피를 즐길 수 있게 돕고자 합니다."
14,6,그린마일커피,서울시 중랑구 신내역로 111 SKV1 센터,"저희는 소비자가 좋아하는 맛있는 커피, 각각의 특징이 살아있는 스페셜티 에스프레소 블렌드와 싱글 오리진을 합리적인 가격으로 제공하고 있습니다.  “Walk the green mile” 저희는 화려하게 드러나지는 않지만 묵묵하게 그 길에 있습니다. 좋은 커피는 좋은 재료의 선별에서부터 시작됩니다. 이는 결코 타협하지 않는 저희 자신과의 약속으로 2009년, 그린마일 커피의 시작부터 오늘까지 변함없이 지키고 있습니다."
15,89,커피네츄럴스페셜티,,"커피네츄럴스페셜티는 15년 이상 커피산업에 종사하면서 쌓은 노하우와 커피업계 다양한 대회에서 많은 수상 이력과 심사경력을 가지고 있는 로스터리 업체로, 카페 창업 컨설팅, 원두 납품, 바리스타 교육, 카페 운영 등을 주사업으로 하고 있습니다.특히 500평 이상 대형 베이커리 카페 컨설팅에 전문성을 가지고 있습니다."
16,101,폰트커피,"경기도 파주시 탄현면 소리개길 164-17, 3동","PONT 는 프랑스어로 다리나 교량 또는 중개 역할, 매개자라는 뜻의 비유적 표현으로 사용됩니다. 작게는 커피와 사람을 잇는 다리의 역할을, 넓게는 산업과 소비자와의 거리를 좁힐 수 있는 중간자 역할을 충실히 할 수 있는 집단이 필요합니다. PONT는 이러한 산업의 요구에 맞춰 만들어진 로스터리 입니다. 더 나아가 커피 산지와 소비자 사이의 매개체 역할을 충실히 하는 것을 목표로 합니다. 커피를 찾는 이들에게 좋은 품질의 커피를 널리 알리고, 그로인해 발생한 수익이 선순환 되어 폰트커피와 연결되어 있는 모든 구성원들의 삶의 질을 향상시킬 수 있기를 바랍니다."
17,102,프레이저 커피,경기 성남시 분당구 구미로9번길 25,"프레이저 커피는 숲과 바다, 해변, 자연이 어우러진 지상낙원이라 불리는 프레이저 아일랜드를 모티프로 시작되었습니다.  한잔의 커피를 즐기는 이 순간, 일상의 여유와 함께 기억될만한 추억으로 만들어주고 우리의 가치와 철학이 고스란히 전해지길 원합니다."
18,0,180커피로스터스,경기 성남시 분당구 문정로144번길 4,"180커피로스터스는 180도 생각의 전환이라는 뜻을 가지고 있습니다. 우리는 단순한 카페 브랜드이기보다는 커피 로스팅과 커핑, 추출까지 이뤄지는 복합공간이자 올바르고 재밌는 커피 문화 확장을 위해 적극적인 응원을 지원하는 컬처 클럽과도 같습니다. 마니아뿐만 아니라 누구나 즐길 수 있는 스페셜티 커피 문화를 만들어가는데 최선을 다하고 있습니다."
19,104,피어 커피로스터스,서울특별시 성동구 광나루로4가길 28 1층,"PEER : 당신의 삶속에 더욱 더 가까이 동료,친구 라는 의미를 가지고 있는 PEER는 피어커피의 가장 중요한 가치관으로 브랜드의 애티튜드를 함축적으로 표현합니다. 로스팅 팩토리에서는 철저한 생두 관리와 Quality Control을 책임지고 있지만, 매장에서는 고객들에게 쉽고 편안하게 다가가기 위해 많은 노력을 기울이고 있습니다. 피어 커피로스터스가 로스팅할 때 가장 중요하게 생각하는 부분은 '단맛'과 '클린컵'입니다. 단맛과 클린컵이 뛰어난 커피는 한 잔을 더 마셔도 부담스럽지 않으며, 피어커피로스터스가 지향하는 '편안하게 즐기는 스페셜티 커피'라는 목표에 다가갈 수 있는 방법이라고 생각하고 있습니다."
20,113,히떼 로스터리,"부산광역시 부산진구 동성로 59, 2층","히떼로스터리가 지향하는 커피는 마지막까지 편안하고 부드러운 커피입니다. 커피를 평가하는 우리의 첫번째 기준은, 언제나 clean cup, balance, sweetness 입니다. 아울러 생두가 가진 개성과 캐릭터를 존중하면서도 부담스럽지 않은 좋은 밸런스로 표현합니다. 우리는 단순히 인텐스가 좋은 커피 보다 ""밸런스 좋고 여운이 깔끔한 커피""를 완성하는 것에 가장 많은 시간과 노력을 기울입니다. 흔쾌히 한 잔을 다 비울 수 있는 커피는 생각보다 많지 않으니까요. 첫 만남의 강렬함보다 알수록 매력적이고 편안한 커피를 만들겠습니다. 마지막까지 기분 좋은 여운을 드릴 수 있도록 히떼의 팀원들은 계속 연구하며 성장할 것입니다."
21,46,스티머스 커피팩토리,서울특별시 강남구 신사동 526 두인빌딩 지층 2호,"스티머스는 자연스런 깊이와 편안한 향이 느껴지는 로스터리 공방의 모습으로 로컬 속 사람과 환경에 깊이 스며들며, 모두가 함께 성장하고 마음을 나누는 단단한 커피 공동체를 지향해 왔습니다.  스페셜티 커피 본연의 가치를 지키며 커피가 가진 진정 특별한 이야기를 모두에게 나누는 메이커스, 즉 'Specialty Makers'라는 의미의 스티머스가 되고자 합니다."
22,13,디그리,경기도 안산시 단원구 만해로 205 타원타크라3 a동 113호 114호,"경기도 안산에 ""degree""라는 커피회사로, 2014년도에 창업하여, 직영매장 3곳, 식품제조가공업 공장을 운영중입니다. 기센 W6, 트리니타스 T2를 이용하여 ""깨끗하고 좋은 단맛을 가진 커피""를 지향하여 생두 선별부터, 로스팅 QC까지 대표부터 팀원 모두 하고 있습니다. 직영 매장을 오랜 기간 운영함으로써 원두를 누구보다 가까이 체크하고, 손님들에게 피드백을 받음으로써 스페셜티 등급의 커피부터 커머셜 커피 까지, 데일리 커피를 제공하면서 로컬브랜드로 많은 사랑을 받고 있습니다. 단순히 납품처와 공급처의 관계가 아닌, 동반성장을 꿈꿉니다."
23,1,502 커피로스터스,서울시 강남구 테헤란로 142 캐피탈타워 1층,"(주)502커피로스터스는 2009년 설립된 스페셜티커피 로스팅 전문기업입니다. 최상의 커피를 제공하기 위해 엄격한 생두 선정 과정을 거치며 다년간 쌓아온 502커피로스터스만의 로스팅 기술과 철저한 품질관리를 기반으로 커피의 다양한 매력을 소개합니다. 커피를 마신다는 것은 단순한 행위 이상입니다. 우리는 생산자와 소비자, 커피와 매개된 모든 관계를 소중히 여기며 소통합니다. 한잔의 커피가 모두에게 즐거움이길 바랍니다."
24,83,카페플롬,서울특별시 마포구 동교로38길 33 201호,FLAM 노르웨이어로 플롬이라고 읽는 이곳은 노르웨이의 유명 관광지이자 아름다운 항구마을인 플롬을 사용하여 편안하고 꾸밈없는 원재료 맛을 지향하고 있습니다. 좋은 싱글오리진 원두를 제철에 맞춰 합리적인 가격으로 납품 및 제공하고 있습니다. 한가지 콩으로 로스팅하여 보다 쉬운 추출 / 균일성 / 누구나 매일매일 마셔도 편안한 커피입니다. 카페라는 공간은 커피도 물론 중요하지만 쉬는 시간을 할애할 수 있는 자기 자신에게 가치를 부여해주는 의미있는 공간입니다. 여기 플롬에서 커피를 마시는 순간만큼은 바쁜 삶속에서 정말 행복하고 기억에 남게 만들어드리고 싶습니다.
25,56,어나더룸,경기도 구리시 아차산로432번길 18번지 201호,"ANOTHER ROOM 어나더룸은  2019년 이래  ‘본질의 중요성’ 이라는 슬로건을 가지고 본질적인 가치를 국내에 전달하기 위해 달려온 회사입니다. 여러 파트너사들에게 원두 납품, 카페 컨설팅, 머신 유통 및 교육까지 전반적인 커피 관련 사업에 지원하며 파트너사의 비즈니스적 성장에 함께하고 있습니다. 좋은 품질 유지를 위한 신선한 운송 엄격한 기준을 통과해 생산된 커피 원두는 매주 로스팅 되어 어나더룸의 꼼꼼한 관리 절차를 거쳐 파트너사들에 빠르게 전달됩니다. 파트너사 관리 파트너사와 꾸준히 소통하며 전문 트레이너가 주기적으로 매장에 방문하여 커피 향미를 비롯해 매장 컨설팅 및 다양한 부분에 걸친 품질 확인, 유지보수 교육을 제공합니다. 이를 통해 파트너사는 어나더룸의 슬로건에 걸맞게 좋은 커피를 안정적이고 일관적으로 소비자에게 제공할 수 있습니다. 바리스타 트레이닝 바리스타의 능력은 단기간에 길러지지 않습니다. 체계적인 이론과 정교한 기술, 섬세한 감각의 개발만이 올바른 방향으로 바리스타의 능력을 향상시킵니다. 어나더룸은 체계적인 트레이닝을 통해 파트너사의 바리스타들이 소비자에게 최상의 커피와 서비스를 제공할 수 있도록 돕습니다."
26,24,루비아 커피,"경기도 성남시 중원구 사기막골로 124, 비즈센터 1412호 루비아",루비아는 편안하지만 특별한 한 잔을 제공 합니다.  커피가 가진 깊고 진한 풍미에 스페셜티의 특별함을 더합니다. 풀시티로 로스팅 되는 루비아의 커피들과 함께 스페셜티 커피의 다음을 만나 보세요.
27,47,슬러핀 커피,광주광역시 동구 준법로 14 1층 슬러핀커피로스터스,"호로록, 슬러핀커피입니다. 맛있는 커피는 생두 고르는 것 부터 시작합니다. Q-Grader, R-Grader가 제철 커피를 잘 고르고 로스팅까지 정성 껏 진행합니다. 우리들의 일이자 휴식인 커피, 오늘도 즐커하세요."
28,20,랑케커피,경기 안산시 단원구 산단로 296 522호,매일 신선한 원두를 로스팅합니다. (주) 랑케는 안산을 대표하는 원두 로스팅 전문 회사입니다. 하이앤드 로스터기 기센 W30A Pro 모델을 아시아 최초로 도입하여 연150톤의 원두를 안정적으로 생산할 수 있습니다. 누구나 편하고 쉽게 커피를 즐길 수 있기를 바라는 마음으로 다양한 커피 취향을 가진 분들이 모두 즐길 수 있는 커피 브랜드를 만들고자 합니다. 한잔의 맛있는 커피로 기분 좋은 하루의 시작과 끝을 함께 하겠습니다.
29,15,디카커피랩,서울 강남구 영동대로 602 6층,"디카커피랩은 국내 최초 디카페인 전문 로스터리입니다.  생두 선별부터 로스팅, 디게싱 과정에 이르는 전 생산 공정에 디카페인 커피에 최적화된 테크닉을 적용하여 가장 맛있는 디카페인 커피를 만들고 있습니다.  누구나 즐길 수 있는 맛있는 디카페인 커피를 통해 일상 속에서 더욱 행복한 시간을 선사해드립니다."
30,62,오이르 로스터스,"경기도 부천시 양지로92번길 9-3, 106호","오이르(Oír)는 스페인어로 '듣다'라는 뜻입니다.  모든 사람들이 다 좋아할만한 커피를 만들고 싶어 2021년 작은 공간에서 로스팅 시작, 블랜딩 연구와 생두 수입 그리고 업체 납품을 늘려 가고 있습니다.  난청아이들에게 소리를 들려줄 수 있다는 설레이는 희망으로 오늘도 정성스레 로스팅합니다"
31,100,펠트,서울시 마포구 서강로 11길 23,"매년 커피 산지를 방문합니다. 산지 방문을 통해 생두를 선별하고 전문 로스터와 바리스타의 손을 거쳐, 손님에게 한 잔의 커피를 건네는 순간까지 보다 훌륭하고 일정한 품질을 위해 노력합니다.  2015년 쇼룸 오픈을 시작으로 광화문 D타워, 도산공원 지점을 오픈하였고 이에 따라 로스터리도 함께 확장하고 있습니다."
32,7,글루,서울 성동구 성덕정길 130 1층,커피 로스터리 글루입니다. God loves you 라는 슬로건을 가지고 이웃 사랑을 전하고자 합니다. 단맛 중심의 밸런스있는 커피를 지향합니다.
33,69,웨이브온 커피,부산 기장군 장안읍 해맞이로 286,"“‘Relax on the wave, On your life, With your coffee’라는 슬로건에 맞게 고객의 삶속에 웨이브온 커피가 휴식으로 스며들 수 있도록 하며, 퀄리티 높고 고객 감동을 주는 여러 커피 MD들을 출시하고 있습니다.  브라질의 농부들과 직접 만나 교류하며 스페셜티 등급의 생두 공급망을 구축하였습니다. 수확한지 1년이내의 뉴크롭 생두로 제조한 원두의 신선함을 느껴보세요!"
34,49,싸인포스트커피,서울시 동작구 솔밭로 97-6,"Signpost는 길을 헤매지 않고 목적지로 갈 수 있게 도와주는 이정표를 의미합니다.  ‘커피’라는 매개체를 통해 지역 사회에 긍정적인 영향을 끼치고, 흔들리지 않으며 한결같은 마음으로 누구나 편안하게 마실 수 있는 커피를 만들려고 노력합니다.  바쁜 일상 속에서 우리의 커피를 만나는 그 순간, 당신의 삶은 한층 여유롭게 빛날 것입니다."
35,70,웨이즈커피,서울 마포구 동교로46길 42-20 2층,"'커피를 즐기는 다양한 방법이 이어지는 길'  다양한 원두, 다양한 추출 방법이 존재하지만 누가 추출하여도 맛있는 커피를 즐기실 수 있도록 노력합니다. 원두 납품에서 끝나는 것이 아닌 전문 바리스타가 노하우와 방법을 알려 드리고 도와드립니다. 대표가 직접 로스팅 하는 원두 맛집 웨이즈커피의 커피를 경험해 보세요."
36,10,놈코어 커피,"인천시 부평구 부평대로 337, 1031호","놈코어 커피는 2016년 호주 시드니에 설립된 회사입니다. 창립 이래 지역 소비자들에게 좋은 품질의 커피를 제공해왔고 시간이 지남에 따라 호주 내 뿐만 아니라 미국, 중국, 홍콩, 아랍에미리트 연합, 한국 등 국제 시장에도 널리 공급하고 있습니다. 우리의 비전 - 옳은 일을 하자 ‘Do Right Things’ 우리의 비전은 옳은 일을 함으로서 지역사회와 환경에 책임있는 일원이 되어 우리 사회에 기여하는 위대한 회사가 되는 것입니다. 우리의 사명 - 댐 굳 커피 ‘Damn Good Coffee’ 우리의 사명은 단지 좋은 커피 뿐만 아니라 ‘정말 좋은 커피’ (Damn Good Coffee)를 모두에게 선사하는 것입니다. 우리는 생두의 선별로부터 시작하여 로스팅 프로파일을 디자인하고, 추출에 이어 고객 서비스, 나아가 온라인에서 커피를 구매하는 경험에 이르기까지 모든 과정 하나 하나를 섬세하게 관리하여 우리의 품질이 일관성있게 좋을 수 있도록 관리합니다."
37,16,디카프워크룸,경기도 파주시 꽃아마길 41,"카페인에 민감하지만 누구보다 커피를 좋아하는 사람, 오후엔 디카페인 커피가 필요한 사람, 아기를 위해 잠시 커피를 참고 있는 사람, 누구든 언제나 맛있는 커피를 즐길 수 있으면 좋겠습니다.  디카프워크룸은 여러분의 디카페인 생활을 응원하며 맛있는 디카페인 커피를 연구하고 다양한 방식으로 제안합니다.  누구에게나 어울리는 마법 같은 디카페인 커피로 편안한 시간을 선물하겠습니다."
38,87,커피 앰비언스,서울특별시 송파구 송이로17길 51,"""커피 앰비언스""는 '커피 중심의 공간'이라는 의미를 가지고 있으며, 좋은 과정을 거친 진정성 있는 커피를 소비자들에게 소개하고 제공하려 노력하는 로스팅 회사입니다.  훌륭한 커피에서 느낄 수 있는 풍요로움, 우리가 느끼는 그 작은 사치를 함께 나누고 싶습니다."
39,80,챁챁커피,경기도 성남시 중원구 둔촌대로 531 쌍용IT트윈타워 B동 901-2호,개인의 취향의 개성이 너무 강한 분은 다른 곳을 알아보세요. 카페의 본질은 '취향'에 집착하는게 아니라 남이 좋아하는 커피를 제공해 순수익을 높이는 것에 있습니다. 챁챁커피는 팔리지 않는 커피는 로스팅하지 않습니다. 저희는 상생에 대한 근본적인 관계는 무엇인지에 대해 생각합니다. 저희의 서비스는 원두뿐만아니라 사용해주시는 모든 거래처의 마케팅과 운영관리를 해드리고 있습니다
40,82,카페소소한사치,경기도 부천시 소사구 호현로 489,매일 신선한 커피를 로스팅하는 소소한사치 입니다.  신선한 뉴크롭의 커피로 로스팅한 원두를 큐그레이더가 커핑과 추출까지 품질관리를 하고 있습니다.  항상 정성껏 준비한 커피로 인사드리겠습니다.
41,37,브니엘 커피로스터스,서울특별시 양천구 신월동 150-14,"브니엘 커피 로스터스는 스페셜티 커피업이 지향하는 지속가능성을 산지 농부들에게만 관심을 두는 것이 아니라 이 땅의 소외받는 약자들에게 실현하는 것을 목표로 세운 회사입니다. ""컵에서 신의 얼굴을 보았다"" 게이샤 커피가 등장했을 때 심사위원이 했던 저 말처럼 스페셜티 커피를 처음 접하는 사람들께 같은 감동을 드리기 위해 노력합니다."
42,26,리버벨,서울 관악구 남현2길 18 1층,"""그래, 어제 마셨던 그 커피""  편안하고, 안정적인, 항상 곁에 있었던 커피를 추구 하고 있습니다. 카페로서 커피로서 역할에 충실 합니다.  ""커피 한잔의 힘은 생각보다 강하다고 믿습니다."""
43,36,보사노바 커피로스터스,강원 강릉시 창해로14번길 28,"""동해바다 대표 로스터리 커피 브랜드""  바닷가 앞에서 깨끗하고 맛있는 커피를 제공하고자 노력합니다. 2015년 강릉을 시작으로, 속초, 삼척해변에 이어 해썹인증 받은 로스팅공장 까지 확장하고 있습니다.  현직 커피교수님을 포함한 전문가들이 생두 선정부터 로스팅까지, 최고의 퀄리티를 유지합니다."
44,44,스탠딩커피,경기도 포천시 소흘읍 죽엽산로298번길 56,"근사한 커피한잔을 위해서는 훌륭한 생두의 선별, 생두의 장점을 극대화한 로스팅, 원두에 최적화된 추출, 전문가적인 지식과 경험, 과학적으로 빈틈없는 시설과 시스템, 아카데믹하고 지적인 자세가 필요합니다. 하지만 커피는 사람이 마십니다. 문화와 감성이 녹아있어야만 그 근사한 커피 한잔이 완성됩니다. 2009년 경리단에서 처음 시작된 스탠딩커피는 이런 이성과 감성의 조화와 발전에 대해 끊임없이 연구하고 고민합니다. 10년 이상의 현장 경험을 바탕으로 탄생한 스탠딩커피의 시그니처블렌딩을 소개합니다."
45,108,한국커피,경기도 광주시 오포읍 수레실길 144,"(주)한국커피는 1992년에 신사동에서 매장과 함께 커피를 볶아 판매하며 사업을 시작했습니다.  한국커피는 우리가 마시는 커피의 원재료인 생두를 유통하고 커피 로스팅, 원두 납품을 전문으로 하는 스페셜티 커피 회사입니다.  한국커피의 25년 노하우가 담긴 블렌드 커피, 여러분의 카페와 집에서도 경험해 보세요."
46,21,레인디어,경기 남양주시 불암로109번길 4-29 (별내동) 1층 일부호,"Reindeer = 순록(루돌프, 같이 이끌어주는 길 안내자) 비록 조그마한 잔의 커피를 마시는 짧은 시간일지라도 여러분들을 위해 마음의 쉼터 제공과 맛있는 커피의 길로 안내하고자 만들었습니다. 맛의 밸런스와 균형의 조화를 이루기 위해 모든 직원들이 생두 선택, 로스팅부터 추출까지 커피 한 잔을 위해 노력합니다. 서울 합정에 있는 ""Jamais Vu Coffee Brewers"" 자메뷰 쇼룸은 미시감이라는 뜻으로 과거에 보거나 경험한 경우나 상태에 당면했을 때에 전혀 미지로 첫 경험으로 느끼게 하는 체험을 말합니다. 여러분들께서 알고 계시는 커피일지라도 새롭게 느껴지는 것처럼 또 다른 길로 안내해 드리겠습니다."
47,52,안녕 가비 커피로스터스,서울시 광진구 능동로53길 41 1층,"그냥 커피가 아니라 누가 어떤 노력으로 어떠한 자연환경에서 생산된 특별한 커피인지 구체적인 이야기를 소비자분들에게 정직하게 들려주고, 그곳 생산자 농부들의 이야기는 진심으로 들어주는.  품질 좋은 커피를 지속 가능하게 정성껏 만들어 안녕가비커피로스터스를 선택해주신 고마운 누군가에게 커피 한잔을 마실 때에는 행복함과 충만감을 선사하고 다 드시고 난 뒤에는 그리움으로 남아 결국엔 다시 찾게 되는 그런 기억되고 잊히지 않는 커피를 만들어 드리겠습니다."
48,96,크레센도 커피 로스터스,"경기도 성남시 중원구 둔촌대로 400, 5층 511호","Life is perfect with a cup of coffee and some music, 2015년에 설립된 크레센도 커피로스터스는 평안과 감동을 주는 음악처럼 크레센도 커피 한 잔이 모두에게 휴식과 위로의 시간이 되었으면 하는 마음으로 신선한 커피를 준비하고 있습니다. Probat Roaster 프로밧 로스터의 장점과 유저를 위한 다양하고 편리한 기능이 더해진 순수한 국내 기술로 탄생한 노부스 테크의 Trinitas Roaster 트리니타스 로스터를 사용하고 있습니다. 산패 방지 및 아로마 유지를 위해 아로마 밸브 패키지를 사용하고 있으며 주기적인 자가품질검사를 통해서 위생 및 품질 관리에 최선을 다하고 있습니다. 제품 생산의 모든 과정에 있어서 식품위생법을 준수하고 있습니다."
49,112,흐드러진커피,"대구 수성구 청솔로 57 1층, 흐드러진커피","2022 Korea Brewers Cup Championship Sensory Judge (국가대표 선발전) 2022 Korea Coffee in Good Spirits Sensory Judge (국가대표 선발전) 2022 Daegu Coffee Championship Judge 2021 Daegu Coffee Championship Judge 2019 Korea Cup Tasters Championship Semi Final 2018 Cupper's Championship Final 2017 Stronghold Roasting Championship 4th 안녕하세요. 우리는 대구에 위치한 로스터리 '흐드러진커피' 입니다. 모든 커피들은 샘플 커핑과 프로덕트 커핑 테스트 후 선정되고 사용, 판매 됩니다. 로스팅, 에스프레소, 브루잉, 라떼아트 등 커피의 다양한 분야들에 관심을 갖고 탐구하고 실천하고 노력하고 있습니다. 또 우리가 좋아하는 커피의 여러가지 모습들을 표현하고자 합니다. 여러 클래스와 모임을 진행하고 있고, 우리의 커피를 좋아해주시고 사용해주시는 분들과 파트너 관계를 유지하고 있습니다. 우리의 커피를 사용해보고 싶으신 분들, 우리의 파트너가 되어주실 분들, 언제든지 환영합니다!"
50,25,리밀커피,서울시 마포구 동교로22길 21,“우리의 커피가 닿으면 느낌표가 떠오를 거예요”  리밀커피는 커피를 통해 만들어질 수 있는 다양한 감동을 전달하기 위한 가장 좋은 방법을 생각합니다.
51,42,센터 커피,서울특별시 성동구 서울숲 2길 28-11,"센터커피는 최고의 커피를 찾아 여러분들께 소개해드려, 커피를 통해 ‘일상 작은 사치‘를 느끼실 수 있게 만들어진 커피 브랜드입니다. 몸에 편하고 좋은 커피는 어떤 커피인지 어떤 곳에서 어떤 농부가 만드는지, 어떻게 재배되는지, 어떻게 로스팅이 되는지 좋은 재료부터 가장 최고로 맛을 내기 위한 열정과 과정을 이야기하고자 합니다."
52,31,마그마커피,서울특별시 강남구 학동로50길 42 302호,"마그마 커피는 세계 커피 산업에서 수십 년 동안 활동해 온 '토마스 하지스(Thomas L. Hodges)'와 '아르만도 시에라(Armando Sierra)' 두 사람의 오랜 경험과 가치를 한국 커피 시장에 전하고자 합니다. 전 세계 산지를 돌며 엄선한 스페셜티 커피를 다이렉트 트레이드하고 있는 마그마 커피는 수십 년에 걸쳐 축적된 노하우를 토대로 생두 수입부터 원두 로스팅까지 전 과정을 세심하게 QC하고 있으며, 각각의 커피가 가진 개성을 살려 최상의 기술로 로스팅 합니다. 마그마 커피는 커피가 가진 본연의 맛을 온전히 느낄 수 있도록, 마지막 한 모금까지 기분 좋게 마실 수 있는 균형감 있는 스페셜티 커피를 제공합니다."
53,74,저스트로스터,서울특별시 양천구 신정중앙로 32 1층 좌측호,매일 2~3 마셔도 질리지 않는 커피를 목표로 합니다. 저스트로스터는 2018년 독립하여 1인 로스터리매장입니다. 좀 더 맛있는 커피의 원두를 제공하기 위해 끝없이 노력해왔습니다. 매번 일관성있는 원두를 제공하며 좀 더 맛있는 원두를 드리기 위해 끝없이 노력합니다. 다양한 생두중 가장 맛있는 것을 선택하여 원두를 제공해드립니다.
54,40,서가로스터리,"충청남도 논산시 연산면 황룡재로 65, 2층","최고의 커피를 만들기 위해 항상 노력합니다. 수년간 바리스타 교육과 창업실무, 로스팅을 하면서 원두선택에 있어 많은 어려움을 겪으시는 대표님들을 보면서 거품을 빼고 최고의 커피를 공급해야겠다는 마음하나로 여기까지 왔습니다. 최고의 원두를 위해 공급가는 합리적으로! 향미는 우수하고 균일하게! 피드백는 빠르게! 항상 좋은 커피를 만들기위해 노력합니다."
55,19,라운지엑스,서울특별시 성동구 아차산로17길 48 SK V1CENTER 401호,"15년 후에는 어떤 커피를 마시게 될까, 상상해본 적 있나요?"" 너무 멀지도, 너무 가깝지도 않은 미래의 커피를 소개합니다."
56,54,애크로매틱 커피 컴퍼니,서울 강동구 성내로14길 37 1층,분명 '최고의 커피'는 해내지 못할 겁니다. 그것은 사실 다다를 수 없는 신기루 같은 목표입니다. 하지만 생두의 선택에서 로스팅 추출에 이르는 모든 과정에서 우리는 최대한 틀리지 않은 선택을 통해서 우리가 다다를 수 있는 가장 신뢰할 수 있는 커피로 만들어내고자 노력합니다.
57,35,보난자커피 코리아,서울 광진구 능동로 239-1 B동 1층 보난자 커피,"""커피라는 이름으로 남들이 가지 않았던 그 먼 곳으로 가보는 것""  세계의 많은 매체들로부터 '당신이 죽기 전에 반드시 가봐야 할 세계 25대 카페', '유럽을 대표하는 5대 카페', '2021 세계 최고의 10대 카페'로 선정된 보난자커피는 20년간 발전시켜온 로스팅 기술과 최고의 로스터기 프로밧 G45가 만나, 국내에서 직접 로스팅 한 고품질의 원두를 소개합니다."
58,30,링크 커피 로스터스,"전라남도 장성군 진원면 나노산단2로 52, 205호","""We link mind to mind."" 링크에프엔비는 커피가 자라는 산지에서 한 잔의 커피가 완성되는 순간까지, 커피의 모든 순간 속의 마음을 담아 원두를 로스팅 합니다. 커피의 달고 시고 쓴 맛이 조화로운 밸런스가 좋은 커피, 마지막 한 모금까지 맛있는 깔끔한 커피를 만듭니다."
59,71,이보크,"인천 서구 가정로261번길 7 101~102호(석남동, 인천플러스)","'Evoke' 어떤 장소 또는 기억을 상기 시켜주는 뜻을 가지고 있어, 커피로써 공간으로써 매장을 기억하고 좋은 기억을 가져가시라는 의미로 매장을 운영중입니다.  저희 커피가 있는곳이 저희 업장이라고 생각하면서, 볶고 있습니다. 경쟁력있는 가격과 퀄리티 그리고 좋은 원두로써 점주분들께 보답하겠습니다. 매일 매일 편하고, 데일리 커피로 언제든지 이보크를 찾아주세요."
60,23,로컬커피 로스터스,경기도 김포시 양촌읍 불당로 92-10 B동 공장건물,"인스타그램 - localcoffee_official 스페셜티커피를 누구나 쉽게 접하고 즐길수 있게 노력하고 있습니다. 그렇기에 로컬커피로스터스는 Sweetness에 집중하여 로스팅을 합니다. 매 해 뉴크랍 생두를 안정적으로 공급받고, 당일로스팅 원칙으로 10년이상의 경력을 지닌 큐그레이더 대표가 직접 로스팅을 하며 원두로스팅의 품질을 일정하게 원두납품을 하고 있습니다. 많은 분들이 로컬커피로스터스를 통해 스페셜티커피가 널리 알려졌으면 하는 바램입니다."
61,59,연경재,부산광역시 중구 중앙대로29번길 6,"맛있는 커피 한 잔으로 사람과 사람 , 과거와 현재 , 또 그밖의 이질적인 것들을 따뜻하게 이어내는 것을 상상하는 VDC연경재의 모든 본질은 '스페셜티 커피'에 있습니다.  연경재는 커피전문가들의 다양한 경험을 바탕으로 체계적인 관리와 서비스를 제공합니다."
62,38,블랙빈스,서울특별시 영등포구 문래로 20길 60 501호,"좋은 커피의 시작, 블랙빈스 블랙빈스는 정직하고 정의로운 커피를 추구하며 ""누구나 즐길 수 있는 커피를 정직하게 생산하자""라는 모토 하에 회사를 성장시키고 있습니다. 가성비 원두부터 프리미엄 라인의 커피를 일정하게 생산할 수 있도록 일일 Q.C 작업 및 로스팅 그래프를 통해 체계적인 관리를 하고 있습니다. 단순 납품에서 끝이 아닌 지속적인 세팅 안내 및 소통을 통한 유대관계를 형성해드릴 수 있도록 노력 하고 있습니다. 오전 10시 까지 주문건에 한하여 당일 발송 진행 하고 있습니다."
63,79,차군커피로스터스,"경상남도 밀양시 가곡11길 4, 차군커피로스터스",'의미있는 한잔' 우리의 커피가 당신에게 큰 힘이 되길 바랍니다.
64,99,퍼블릭 커피 로스터즈,경북 구미시 산동읍 첨단기업1로 42,"퍼블릭 커피 로스터즈는 로컬 스페셜티 씬의 가능성을 알리기 위해 2016년 구미에서 설립된 커피 회사입니다. 상대적으로 열악한 로컬 커피씬의 발전을 위해 OPEN SOURCE를 지향하며, 커피를 매개로 한 고객과의 소통을 가장 중요한 가치로 생각 합니다. 열풍방식인 로링 로스터를 사용하여, 클린컵과 부드러운 텍스쳐에 중점을 둔 로스팅을 추구 합니다."
65,12,도화아파트먼트,서울 마포구 도화2길 27,"커피와 빵과 책이 함께하는 도시 생활자를 위한 복합 문화공간 <도화 아파트먼트>에서, 로스터리는 각 분야의 스페셜리스트로서의 한 축을 담당하고 있습니다. ""도화 아파트먼트""의 원두는 언제, 누가 마셔도 호불호가 없이 만족감을 느낄 수 있도록, 섬세하고 치밀하게 생두를 선별하고, 블랜딩 하고, 로스팅합니다. 편안하고 안정감 있는 구조감을 바탕으로, 마시고 난 뒤에 깊은 여운을 남길 수 있는 커피를 지향합니다. 익숙하지만 특별하고, 부드럽지만 향기로 기억되는 커피로, 도시 생활자들의 일상 속에 늘 함께하는 친구가 되고자 합니다."
66,32,바다뷰 커피공장,서울특별시 서초구 남부순환로 2457 (서초동),* 우리는 양양에서 가장 유명한 대형베이커리카페인 바다뷰제빵소에서 로스팅을 합니다. 동해바다의 풍경에 반해 바다뷰제빵소를 방문하신 고객들은 커피의 맛을 잊지 못하고 다시 방문해주십니다. * 이제 먼 거리를 직접 찾아오지 않으셔도 우리의 커피를 경험하실 수 있도록 카페에서 사용하는 바로 그 원두를 제공합니다. * 100만명 이상의 고객이 인정한 우리만의 커피를 소개합니다
67,86,커피 몽타주,서울 강동구 올림픽로48길 23-12 1층,"""영화 같은 일상, 그 일상 속의 커피 한 잔"" 한 편의 영화처럼 커피를 둘러싼 사람과 일상 모두를 몽타주(Montage, 편집) 할 수 있기를... 안정적인 로스팅 품질 관리로 잘 알려진 커피몽타주는 전국 150여 곳의 크고 작은 카페에 커피를 납품하고 있으며, 고품질의 생두 구매를 위하여 각종 해외 커피 옥션 참여 및 산지 직거래를 시도하고 있습니다. 좋은 생두를 찾기 위한 노력, 더 나은 로스팅을 위한 매일의 시도, 최선의 커피 추출을 위한 고민들. 맛있는 커피 한 잔에 정직한 과정을 담기 위해 우리는 오늘도 고민합니다."
68,48,식물학 커피로스터스,서울시 강남구 강남대로154길 33,"""회색 빛 도심을 초록으로 물들이자""라는 이념 아래 퀄리티 높은 스페셜티 커피를 즐길 수 있는 그린 스페이스를 지향 합니다.  저희가 만드는 커피가 고객님들의 몸과 마음에 힐링이 되기를 소망하며 커피를 만들어가고 있습니다."
69,5,그럼블 커피로스터스,경기도 하남시 감북동 355-3,"매일매일 마시는 데일리 커피에 가장 중요한 미덕은 무엇일까요.  우리는 편안함을 답으로 선택하였습니다.  ""편안하게 그리고 맛있는 커피""에 포커스를 맞추고 진행해온 프로젝트 블렌딩의 완성형. 매뉴얼 블렌드로 그럼블커피의 설명을 대신합니다."
70,66,올인커피,서울 강서구 공항대로 212 퀸즈파크일레븐 A동 501호,"[All-IN COFFEE] ‘한 가지 일에 모든 힘을 쏟아부음’ 올인커피 입니다. 10년 이상 로스팅을 하며 다양한 원산지, 품종, 가공별 생두를 전문적이고 체계적으로 로스팅해 온 업체로 현재는 카페부터 호텔, 레스토랑, 베이커리 등 오프라인 최전선의 F&B 업체들과 오피스, 관공서 등에 당일 로스팅 된 신선한 원두커피를 납품하고 있습니다. 올인커피는 '고객 경험'을 최우선으로 생각하여 교육, 컨설팅, 머신, 부자재 등 커피가 생산되고 소비되는 모든 공간에서 각 분야의 전문가들과 유기적으로 협력하여 전문가들과 소비자들을 '한 컵'에 담기 위한 다양한 시도를 진행합니다. ✔ 10년 이상의 로스팅 노하우로 품질의 균일성과 안정성 ✔ 커피 업계 각 분야의 전문가들과 협력하는 관계성 ✔ 특별한 라인업으로 '고객 경험'을 중요시하는 다양성"
71,90,커피루소,"서울특별시 강남구 학동로 107, 5층","당신의 소중한 일상 속 커피 한잔의 기쁨을 드리는 커피의 기쁨, 커피루소. 커피루소는 스페셜티커피 전문 브랜드로 많은 사람들에게 어떻게 하면 최상의 커피 경험을 전달하고 커피 한잔의 기쁨을 드릴 수 있을지 계속해서 연구하고 노력합니다. -2008년 'LUSSO' 브랜드 런칭 -2009년 국내 최초 미국스페셜티커피협회(SCAA) 기준의 Q-grader 인증 교육기관 트레이닝랩 오픈 -2011년 루소의 최상의 커피와 서비스를 경험할 수 있는 로스터리 카페 '루소 청담점' 오픈 -2016년 스페셜티 커피와 완벽한 페어링을 선보이는 브런치 카페 '루소 정동점' 오픈 -2022년 커피 한잔의 기쁨을 드리는 커피의 기쁨, '커피루소'로 브랜드 리뉴얼 완료"
72,2,55도 커피로스터스,경기도 광주시 고불로 450-3 에이스폴딩 뒷편 지층 55도커피로스터스,"""커피에 색을 입히다"" Good Temperature for latte , 팔레트에 다양한 색을 조합하여 화판에 작품을 그리듯이 저희 회사는 '커피에 색을 입히다.' 라는 주제로 각 매장의 컨셉에 맞는 원두를 컨설팅하고 있는 로스팅 전문 회사입니다. 최고 품질의 커피를 제공하기 위해 좋은 생두와 시설을 갖추어 철저한 품질 평가를 하고 있습니다. 항상 더 좋은 커피, 더 좋은 환경,더 좋은 관계를 만들어 사회에 좋은 영향을 끼칠 수 있는 회사로 성장하기 위해 노력하고 있습니다."
73,84,커넥츠커피,서울 마포구 성지길 60,커피는 우리 일상에서 많은 것들을 이어주는 연결고리 역할을 합니다. 커넥츠커피도 이러한 '연결'을 모토로 삼아 다양한 연결고리로서의 역할을 하려고 합니다. we & customers : 우리가 먼저 고객과 연결되어 소통하려고 합니다. farmers & customers : 여러 나라의 농장에서 생산된 다양한 커피 생두를 고객에게 선보이고 알리고 싶습니다. roasters & customers :국내외 로스터리 카페의 개성있는 원두를 게스트빈으로 소개합니다. people :궁극적으로 커피를 통해 많은 사람들이 행복해지는 문화를 만들겠습니다.
74,3,BACS,서울 서초구 서초대로 397 104호,"Barista's Choices, BACS는, 여러분들에게 맛있는 커피 한 잔으로 즐겁고 행복한 하루를 선물하기 위해 탄생한 브랜드입니다.  서초동의 작은 로스터리 카페에서 출발한지 약 10년, 세월속에 녹아든 경험과 실력을 바탕으로 바리스타가 선택한 최고의 커피를 소개드립니다."
75,111,헬퍼 스튜디오,전라남도 나주시 우정로 10 게토33 나동 A101~108호,"헬퍼스튜디오는 카페 컨설팅 스튜디오입니다. 일반적인 카페 컨설팅 업체와는 다르게 카페 창업의 첫 시작인 인테리어부터 메뉴 및 운영 컨설팅까지, A부터 Z까지 컨설팅하여 클라이언트의 가장 성공적이고 빠른 카페 창업을 지원하고 있습니다. 대부분을 카페 컨설팅에 집중하던 헬퍼스튜디오는 클라이언트 매장에서 더욱 맛있는 커피를 소개할 수 있는 방법에 대해 항상 고민해왔고, 2023년의 시작과 함께 완성도 있는 하우스 블렌드 두가지를 출시하였습니다. 누구에게나 사랑받을 수 있는 카페를 컨설팅하는 헬퍼스튜디오의 방향에 맞게 두가지 모두 언제 즐겨도 편안한 커피로 만들었습니다."
76,72,이수팩토리,경기도 수원시 장안구 금당로90번길 38 이수팩토리,"이수 [이익이 많은 곳] 서로 상생, 교류하며 매일 매일 마셔도 부담없는 커피를 만듭니다. 누구나 쉽게 추출하고 마시고 즐길 수 있는 커피를 지향하며, '제품이 좋아야 가성비가 좋다'라는 생각으로 만들어가고 있습니다. 좋은 퀄리티의 커피를 만들기위해 무조건 저렴한 생두를 찾기보다는 출처가 분명하고 신선한 제철의 생두를 선택합니다. 저렴한 가격을 위해 생산단가를 줄여가길 택했고, 자체봉투제작 원자재 대량 구매 등으로 생산고정비를 줄여 합리적인 납품가를 유지하려 노력중입니다. 이수팩토리 MAKE SMILE TOGETHER"
77,91,커피볶는곰,서울특별시 용산구 갈월동 5-67,"커피볶는곰은 2010년 부터 스페셜티를 중심으로, 감남에 위치한 매장과 용산에 위치한 로스팅 및 교육공간을 운영 하고 있습니다.  '커피는 제철과일' 이라는 슬로건과 함께 재료의 선별, 용도에 맞는 로스팅, 매장의 환경에 맞는 추출에 모두 집중하여 고객에게 전달되는 한잔을 위해 최선을 다하고 있습니다.  곰의 원두를 사용하시는 매장은 원두와 추출에 관련된 물에 관련된 현장세팅을 진행 해 드립니다."
78,81,칠복상회로스터스,서울 강북구 한천로139가길 15 1층,"""삶의 맞춰 넘치는 복은 나누고, 부족한 건 채우며""  칠복상회는 1984년 수유 재래시장에서 시작했던 부모님의 작은 건어물 가게 이름을 그대로 따랐으며, 일평생 변함없는 부모님의 마음과 태도를 두 형제가 이어 받아 2014년부터 같은 이름으로 매일매일 성실하고 정직하게 볶은 커피를 선보이고 있습니다."
79,105,필리그리커피,경기도 부천시 중동로356번길 6 필리그리커피,필리그리커피는 커피가 가진 섬세함에 집중합니다. 커피맛에 영향을 주는 수많은 변수들을 최대한 통제하고 가장 맛있는 한 잔이 만들어 질 수 있는 방법을 고민합니다. 품질 좋은 생두를 엄격하게 선별하고 생두에 가해지는 데미지를 최소화하는 로스팅 기술을 적용해 변함없이 맛있게 즐길 수 있는 커피를 제공해 드립니다. [회사 연혁] 2014년 스페셜티커피 전문점 어썸드립커피 오픈 2020년 고재커피로스터스로 원두 납품 시작 2022년 원두 가공 납품 회사 필리그리커피 법인 및 로스팅 공장 설립 2023년 SCI 기술평가 우수기업 인증 어썸드립커피 프랜차이즈 사업 시작 - 14년 인천삼산본점 12월 오픈 - 23년 인천논현점 3월 오픈 - 23년 부천중동점 6월 오픈 [사용 장비] 로스터기 : 디드릭 IR-12 / 디드릭 IR-2.5 / 이카와 PRO50 커피머신 : 키스반더웨스턴 스피릿 2G 그라인더 : 빅토리아 아르두이노 미토스원 / 메저 로버S / 디팅 807스윗랩 측정기 : 싱크포
80,110,헤베커피,,"헤베커피는 커피씬에서 주목 받는 스페셜티 커피 매장입니다. 오너인 임지영 바리스타는 한국 브루어스컵 국가대표 선발전 등 다양한 대회에서 수상 경력을 자랑하며, 생두 유통, 로스팅, 머신 제조업, 커피 체인 전 영역에서 드물게 전문성을 인정받은 여성 바리스타입니다. 대기업과 벤처 회사에서의 경험을 바탕으로 현재는 헤베커피를 운영하고 있습니다. 그리스어 Ἥβη(헤베)를 모티브로 한 헤베커피의 C.I는 청춘과 젊음을 상징합니다. 이 헤베라는 이름은 그리스 신화에 등장하는 청춘의 여신을 의미합니다. 헤베커피는 마치 청춘을 가져다주는 여신 헤베처럼, 모든 고객들이 우리 브랜드를 통해 일상을 환기하고 각자 빛나는 시간을 만들어가기를 바라며 헤베 브랜드를 운영하고 있습니다."
81,17,라까프,서울특별시 광진구 면목로 5-1 1층 102호,"""New wave of Vietnamese Coffee"" 한국에서는 찾아볼 수 없던 최상급 베트남 커피와 그 속의 담긴 이야기를 전합니다. 라까프는 최고 품질의 커피를 재배하고 가공하는 6개 농장들과 파트너십을 맺고 직공정거래를 통해 생두를 안정적으로 공급 받습니다. 베트남 커피 그리고 파트너 농장의 커피만을 사용하기에 균일한 품질을 유지할 수 있습니다. 커피의 최초 생산자와 그 어떤 로스터리보다 밀접한 관계를 유지하기에 직접적으로 커피농장에서부터 한 잔의 커피가 되는 모든 과정에 라까프가 함께 합니다. 라까프 로스터리는 HACCP인증을 받았으며, 석발기와 선별기를 사용함과 동시에 색도, 밀도, 수분함량 등을 확인하여 고품질의 균일한 원두 공급을 위해 최선의 노력을 다합니다."
82,88,커피가이,경기도 수원시 팔달구 창룡대로103번길 132,"""COFFEE FOR EVERYONE"" 커피, 삶에 풍요로움을 더하다.  커피가이는 언제 어디서든 편하고 맛있는 커피, 한잔을 통해 일상 속 삶에 풍요로움이 더해지기를 바라며 커피를 만드는 회사입니다."
83,95,크래커스 커피 로스터스,제주 제주시 한경면 용금로 442 / CRACKERS COFFEE ROASTERS,"크래커스는 가장 근본이 되어야 하는 '맛'에 대한 이야기를 하려 합니다. 로스팅시에 커피 수분이 날아가면서 생두의 가장 약한 부분이 벌어지는데, 이를 크랙이라고 합니다. '크랙을 만드는 사람들' 이라는 의미를 담고 있습니다."
84,45,스트레토 커피팩토리,경기도 파주시 문산읍 사목로 69번지 3동,스트레토는 맛있는 커피 원두만 납품하지 않습니다. 스트레토는 맛있는 커피 한잔을 납품합니다. 스트레토 원두가 맛있는 커피 한 잔으로 완성될 수 있도록 언제 어디서나 가장 맛있게 드실 수 있도록 스트레토가 모든 순간에 함께하겠습니다. 𝘀𝘁𝗿𝗲𝘁𝘁𝗼 𝘀𝘁𝗮𝘆𝘀 𝘄𝗶𝘁𝗵𝗶𝗻 𝘆𝗼𝘂. [𝘀𝘁𝗿𝗲𝘁𝘁𝗼 𝘀𝗽𝗶𝗿𝗶𝘁] 𝗰𝗼𝗻𝘀𝗶𝘀𝘁𝗲𝗻𝗰𝘆 : 스트레토는 언제 어디서나 일관된 맛을 구현하는 것을 중요하게 여깁니다. 𝗶𝗻𝘁𝗲𝗻𝘀𝗶𝘁𝘆 : 스트레토는 강렬한 첫인상 그리고 오랜 여운을 남기는 짙은 커피향과 더불어 인상 깊고 만족도 높은 제품과 서비스를 통해 진한 기억을 남기는 브랜드가 되고자 합니다. 𝗿𝗲𝘀𝗽𝗼𝗻𝘀𝗶𝗯𝗶𝗹𝗶𝘁𝘆 : 스트레토는 커피원두가 커피 한 잔으로 완성되는 모든 과정에서 만족스러운 서비스를 제공하기 위해 ‘맛있는 커피 한 잔’에 대한 책임감을 갖고 고객의 요청에 귀 기울이며 진심을 담아 케어합니다.
85,106,하늘에커피,제주시 애월읍 고내3길 14(애월공장) 서울시 마포구 독막로32길 6(신수공장),"원두만큼은 걱정 안하시도록, 제대로 '에스코트'하겠습니다. 손님들로부터 ""커피 맛있다.""는 말씀, 꼭 듣게 해드리겠습니다. 능숙한 커피전문가가 되실 때까지, 뒤에서 힘껏 조력하겠습니다."
86,41,선빌리지 커피,경북 경산시 와촌면 갓바위로 67-2,'Fresh Roasted Coffee Company' 선빌리지커피는 신선한 뉴크롭 생두를 직수입하여 안정적인 로스팅을 통해 일관적인 원두를 생산 하려고 노력하고 있습니다.  미국에서 로스팅 연수 받은 로스터가 로스팅하며 큐그레이더가 출고 전 무작위 검수를 하여 Q.C 하고 있습니다.
87,76,제이든 커피,서울 강동구 천호대로219가길 50,"항상 향이 있고 쓰지않은 맛있는 커피를 위해 노력하는 제이든 커피 로스터스 입니다. 합리적인 가격으로 만족도 높은 원두 로스팅을 하고있습니다. 원두가 필요한 곳이면 어디든 찾아 가는 제이든 커피, 맛있고 가성비 좋은 원두를 위해 최선을 다하겠습니다."
88,68,원더월 커피 로스터스,서울 동대문구 답십리로 80 1층,원더월은 일방적인 로스터의 생각이나 공감되지 않는 커피의 산미와 개성에만 집중하는 것이 아닌 모든 사람들이 좋아하고 누구나 쉽게 마실 수 있는 커피를 추구합니다.  맛있는 커피를 마실 때 나오는 행복감을 원더월과 함께 공유할 수 있으면 좋겠습니다.
89,53,알렉스더커피,경기 용인시 처인구 백암면 삼백로835번길 12,"알렉스더커피는 커피를 합니다. 좋은 커피, 그 자체가 가진 진정성과 매력을 이야기하고 실천합니다.  좋은 커피를 찾고 또 그와 만나 소통하고, 만들고, 그것을 좋은 사람들과 나누며 이를 통하여 우리들의 일상에 행복과 풍요로움을 더하는 것이 알렉스더커피가 추구하고 나아갈 방향입니다.  we do coffee"
90,4,UFO 커피로스터스,서울시 관악구 은천로 39,U nique 유니크한 F lavor 향과 맛의 O rchestratiom 조화로움 UFO coffee Co.는 좋은 커피를 만들기 위해 재료 선정부터 많은 노력을 하고 있습니다. 좋은 품질 유지를 위해 우리가 경험하는 커피가 어떤 농부의 손에서 세심하게 관리되어 왔는지 추척가능한 생두를 고집하여 사용합니다. 그리고 신뢰를 바탕으로 두터운 관계 유지와 상생을 도모하는 지속 가능성에 초점을 맞추고 있습니다. UFO coffee Co.는 좋은 단맛과 밸런스를 바탕으로 공감하는 커피를 만듭니다.
91,64,올디스트커피,경기 군포시 고산로539번길 7-6 묘향롯데아파트상가 104호 올디스트커피,' 커피는 어려운 것이 아니라 재밌는 것이다. '  AllDist Coffee = All + Dist(ance) + Coffee 올디스트커피 = (모든) + (거리감) + (커피) 모든 이에게 스페셜티 커피에 대한 거리감을 좁히기 위한 공간.  올디스트커피는 로스팅 시 '단맛'과 '밸런스'를 가장 중요하게 생각합니다.
92,33,베러로스팅랩,서울특별시 성동구 왕십리로6길 18-1 1층,"베러로스팅랩은 서울 성수동에서 제조공간과 쇼룸을 운영중인 마이크로 로스터리 브랜드로써, BETTER는 ""Better Than You Think.""의 줄임말이며, 발전적인 의미를 담고 있습니다. 기대보다 더 나은 커피, 더 좋은 사람을 만날 수 있는 곳, 보다 좋은 공간 BETTER입니다."
93,107,하우트 커피컴퍼니,충북 청주시 청원구 내수읍 충청대로 904,"2009년 작은 로스터리카페로 시작한 하우트커피컴퍼니는 프로밧 로스터기와 다이렉트트레이드를 통한 고품질의 생두, 전문 로스터의 엄격한 품질관리로 차별화된 감각적인 커피를 생산합니다.  품질과 신뢰의 가치를 존중하며 다양한 스페셜티 커피와 본연의 맛을 살린 로스팅으로 좋은 커피를 만들기위해 항상 노력합니다."
94,92,커피플라워,경상남도 진주시 남강로 36,"2007년 첫 개업 당시 '유럽보다 더 맛있는 커피를 만들자'라는 목표를 가지고 커피플라워를 시작하였습니다. 가장 최근 수확된 생두를 구하고 볶아 다양한 맛과 향을 지닌 커피를 제공하고자 끊임없이 노력하고 있습니다. 커피플라워는 하루를 정신없이 살다가도 잠시라도 쉬어 가는 여유와 삶을 누리는 인생이 되었으면 하고, 여유 속에 훌륭하고 참 좋은 커피플라워 커피 한 잔이 같이 했으면 하는 바램을 가지고 있습니다."
95,27,리프커피,"서울시 송파구 법원로 114, B동 106호",“한 잔의 커피가 줄 수 있는 휴식의 가치에 집중합니다”  리프커피는 10년전 처음 커피를 내어드릴 때 부터 매일 마셔도 편안한 커피를 볶아내기위해 끊임없이 노력하고있습니다. 10년동안 한 자리에서 두가지의 블렌드로 꾸준히 사랑받아온 데일리 커피를 경험해 보세요.
96,73,이알코퍼레이션,서울시 강동구 성내로 58 희성빌딩 3층,"2012년 부터 시작된 커피에 대한 모든 열정과 사랑을 담은 이알코퍼레이션 ACM 원두란 A A C CUP of Coffee M moment 최고의 맛을 한 잔에 표현하기 위해 전문 큐그레이더가 생두의 선별부터 로스팅 후 커피 테스트와 관능 평가까지 모든 과정에 오직 더 나은 커피 한잔을 위해 노력하고 있습니다. [Equipment] 자동 로스터기(120kg), 디드릭 (12kg), 샘플로스터기, 프로밧 UG22 (22kg)"
97,60,영앤도터스,서울특별시 마포구 마포대로 156 공덕푸르지오시티 1층 107호,"Coffee is Complex!  영앤도터스는 커피가 가진 다양한 매력을 선보이기 위해, 좋은 생두를 선별하고, 일관성 있고 논리적인 로스팅을 거쳐 맛있는 한 잔의 커피로 고객의 손의 쥐어지기까지의 모든 과정을 까다롭고, 섬세하게 컨트롤하고 있습니다."
98,93,컨트리사이드,경기도 고양시 덕양구 행당로 1 4층 401호,2020년 어느 외곽지역에서 컨트리사이드는 커피 관련 다양한 경험과 장점을 바탕으로 시작되었습니다. '컨트리사이드'라는 느낌처럼 우리는 따듯하고 편안한 스페셜티 커피를 전달하고 있습니다. 저희 모두의 구성원들은 커피 브랜드를 기반으로 우리의 가치를 담은 매력적인 브랜드를 만들고 소통하고자 합니다. [Equipment] Easyster 15 Stronghold S7X ROAST Sample roast X-rite (coffee roasting Q.C)
99,97,클라리멘토,경기 고양시 덕양구 의장로 29-31 1층,클라리멘토는 밝고 선명한 스페셜티커피를 지향합니다. 다채로운 빛을 담고 있는 커피 한잔이 주는 즐거움을 경험할 수 있는 로스터리입니다.
100,94,컬러드 빈,서울 서대문구 연희로11가길 8-8,"커피 생두에 다양한 색을 입혀, 다채로움을 추구하는 로스터리 컬러드 빈 입니다. 커피에는 다양성이 분명 존재합니다. 로스팅에 의한 다양성 그리고 생두에 의한 다양성인데요, 로스팅과 특별한 생두의 선택이 저희 로스터리를 더 다채롭게 만듭니다. 커피의 맛과 개성을 살리기 위한 로스팅을 적극적으로 활용하며, 마시는 이로 하여금 산뜻한 기분과 분명한 노트를 제공하기 위해 항상 노력합니다. 커피 생두에도 색을 입히듯, 음료에도 우유를 넣어 블랙이 아닌 다른 색상을 입히기도 하는데요. 저희 커피는 특히나 우유와의 조합을 항상 필두로 생각하여 최적의 로스팅과 추출 가이드를 제공합니다."
101,28,리플렉트 커피 로스터스,서울시 서초구 효령로 72길 57,'우리를 커피에 비추다. 우리의 색과 진심을 커피에 반영하다'  품질 좋은 재료를 수급 하기 위하여 시즌별로 수많은 생두를 테스트하고 가장 맛있는 생두를 사용합니다. 우리의 커피는 좋은 원재료가 가지고 있는 캐릭터와 단맛을 잘 표현하기 위한 로스팅을 하고 있습니다. 커피에 대한 우리의 진심이 맛으로써 전달될 수 있도록 노력하겠습니다.
102,50,아드프 커피로스터스,서울 광진구 능동로3다길 1 1층/지하,"아드프커피로스터스는 A Day of coffee Farm(커피농장의 하루)의 약자로, 일상에서 소소한 하루가 커피를 통해 특별해지는 경험을 선물하고자 합니다.  커피에 대한 진심과 10년 이상 납품의 노하우로 경쟁력 있는 커피를 제공하고 있습니다."
103,9,노스모크위드아웃파이어,경기 수원시 팔달구 매산로 139-5,훌륭한 커피에 우연은 없습니다. ‘모든 좋은 커피에는 이유가 있다’라는 원칙을 바탕으로 수원에 문을 연 스페셜티 커피 브랜드 No Smoke Without Fire는 ‘원인이 있기에 결과가 있다’라는 격언에서 이름의 모티프를 얻었습니다. 우리가 찾을 수 있는 가장 신선하고 좋은 생두의 캐릭터를 어떻게 하면 잘 발현 시키는가에 중점을 두고 있습니다.
104,58,엘 카페 커피로스터스,서울특별시 영등포구 양평동5가 2-1 1층,"""Better Coffee. Better Life.""  누군가 커피는 원래 “쓰다”라고 합니다. 실제로 커피는 쓰기만 하지 않습니다. 커피에는 풍성한 향과 달콤한 맛, 다채로운 이야기가 있습니다.  커피체인의 농부, 로스터, 바리스타와 우리의 커피를 사랑하는 사람들의 삶이 더욱 달콤하고 향긋해지도록 오늘도 엘카페 커피 로스터스는 노력합니다."
105,51,아몰렌떼,경기도 용인시 처인구 남사읍 통삼로 409 나동,아몰렌떼 커피는 'AMOR - 사랑하다 / LENTE - 천천히' 라는 뜻의 라틴어입니다.  천천히 모든 사람들에게 스며들어 꾸준히 사랑받는 브랜드가 되기위해 부단히 노력하고 정진하고 있습니다.
106,22,로스터리 카페 스테이,서울 서초구 잠원로12길 6 현대아파트 상가 104호,"""언제나 여기에"" 한결같은 맛과 품질로 당신의 하루에 평온과 위안이 필요할 때 언제나 곁에 있겠습니다. 카페에서 커피의 맛은 그 곳의 방향성과 색을 나타내는 지표 입니다. 스테이의 원두는 대중적인 단조로움을 벗어나 다채로운 향과 맛의 밸런스에 초점을 맞춰 로스팅 하고 있습니다."
107,61,오드이븐,부산 중구 중구로29번길 7 1층 오드이븐,"""당신의 일상에 색다른 쉼터"" 홀수와 짝수를 의미하는 오드이븐은 커피의 대중성과 전문성을 함께 하기 위해 노력하고 있습니다.  ""누구나 편안하게 마시는 커피와 기억에 남는 커피를 전해드리는 것을 추구합니다."" 한잔의 커피가 당신의 평범한 일상에 행복한 변화가 있기를 바랍니다."
108,55,앤써커피,서울특별시 강남구 논현로 85길 5-12 1층,"앤써커피는 좋은 스페셜티 커피를 고객에게 소개하는 것에 사명감을 지니고 있습니다. 커피 산지에 방문하여 직접 거래하거나, 주요 경매에 참여해 최상급 스페셜티 커피를 선보이고 있습니다.  농작물인 생두는 배송 과정, 기후, 보관 상태 등에 따라 항상 컨디션이 변화합니다. 그래서 최상의 품질을 위해 다양한 데이터를 기반으로 한 프로파일을 활용해 로스팅하여 제공합니다."
109,39,빈도 로스터스 커피,서울특별시 양천구 목동중앙서로 33 1층 빈도 로스터스 커피,"어느 순간 우리는, ""커피는 쓰다""는 이미지를 떠올립니다. 하지만 커피는 원래 쓴맛이 아닙니다. 커피는 생두의 특성에 따라 우리가 느낄 수 있는 모든 맛을 발현할 수 있습니다. 빈도 로스터스 커피의 특별함은 다양한 고객님들의 취향에 맞춰 '나만의 원두'를 찾는 것에 있습니다. 지금까지 판매자에 의한 일방적인 구매가 이루어졌다면, 지금부터는 여러분의 선택에 의해 구매가 이루어집니다. 나만의 취향에 맞는 원두를 고르고 계신다면, 빈도 로스터스 커피를 찾아주세요. 여러분의 취향을 알아가는 여정에 저희 빈도 로스터스 커피가 함께 하겠습니다."
110,65,올바른생각,경기도 양주시 은현면 봉암6길 25,"올바른 생각의 콜드브루는 특허 신청한 수증기를 이용한 방식으로 내리는 커피입니다. 물의 입자가 무거울수록 커피의 쓴맛등을 가지고 내려오기 때문에 최대한 가벼운 입자로 수증기를 커피원두에 뿌려서 한방울 씩 내리는 커피입니다. 올바른 생각의 커피는 1KG원두당 4~5병만 생산하고 있으며 부드러운 맛이 특징입니다. 올바른 생각의 콜드브루는 위생검사 모든 항목에서(납,세균,대장균) 0 으로 아주 철저한 위생 관리를 하고있습니다."
111,109,핸디엄,서울특별시 강남구 영동대로106길 37,"독자적으로 개발한 추출 머신과 기술을 바탕으로 프리미엄 콜드브루 커피 시장을 선도하는 ""핸디엄"" 10년 넘는 기간동안 생두의 수입부터 로스팅, 콜드브루 추출까지 다양한 요소를 엄격하게 관리하여 모두가 만족할 수 있는 차별화된 맛과 뛰어난 품질을 지향합니다."
112,103,프로토콜 로스터스,"서울특별시 서대문구 연희로 109, 2층 프로토콜","PROTOKOLL은 보편적으로 하루에 두 잔의 커피를 마시길 희망합니다. 그렇다면 한 잔은 에스프레소 머신으로 내려지고 약간은 다크하게 로스팅된 커피였으면 합니다. 매일 마셔도 지겹지 않되 임팩트가 있으며 균형감이 좋은 커피면 이상적일 겁니다. 또 다른 한 잔은 정성스레 내린 브루잉 커피이기를 희망합니다. 우리의 브루잉 커피는 언제 마시더라도 부담스럽지 않고 티와 같은 향을 지닌 커피일 것입니다. PROTOKOLL은 이러한 커피들을 소개하기 위해 시작되었고, 끊임없이 고민하고 기록하며 나아갈 것입니다."
113,14,디벨로핑룸,인천광역시 연수구 청명로 26,"‘현상하다(develop)’ ‘develop’ 이라는 단어가 가진 의미는 다양하지만, 공통적으로 잠재되어 있던 것이 발현되는 것을 나타냄으로써 ‘가능성’을 내포하고 있습니다. 로스팅 과정 중 커피의 구체적인 맛의 발현이 일어나는 구간을 developing time이라고 하는 것, 아시나요? ‘develop’이 가진 의미를 공간에 담아내어 developing room이 되었습니다. 디벨로핑룸은 각각의 커피가 가진 잠재적인 색과 뉘앙스를 체계적 로스팅을 통해 구체적으로 밝혀내는 역할을 합니다. 화려하거나 호화롭진 않지만 소박하면서도 매력적인 공간을 지향하는 디벨로핑룸은 번화가가 아닌 인천의 구석진 곳에 자리를 잡았습니다. 어디서 본듯한 유행이 아닌 우리의 고유한 개성을 공간에 반영하고자 직접 매장을 꾸미고, 꾸밈없고 편안한 느낌을 커피와 함께 공유하고 싶은 스페셜티 커피 로스터리입니다. 대형 로스터리와 홍대 소재의 스페셜티 매장에서의 경험으로 가장 중요하게 생각해온 것은 커피의 재현성입니다. 최고의 퀄리티를 내는 것 이상으로 중요한 로스팅 결과물의 동일성을 중점 컨트롤 하며, 이를위해 프로파일을 철저히 기록하고 관리합니다. 디벨로핑룸은 디드릭사의 로스터기를 사용하여 높은 전도비율을 장점으로 농밀한 단맛과 클린컵에 집중하는 커피를 만들어 내고 있습니다."
